symbol,year,month,change,mspr
AAPL,2022,10,-1297681,-30.30565
AAPL,2022,9,814342,100.0
AAPL,2022,8,-250366,-79.69429
AAPL,2022,5,-26276,-100.0
AAPL,2022,4,161963,15.008345
AAPL,2022,2,-14048,-32.804035
AAPL,2021,11,-36005,-100.0
AAPL,2021,10,174834,7.144071
AAPL,2021,8,-87000,-0.85037404
AAPL,2021,5,-4010,-100.0
AAPL,2021,4,10104,9.817525
AAPL,2021,2,361,0.8763625
AAPL,2020,12,-408,-100.0
AAPL,2020,11,9956,9.481544
AAPL,2020,10,232360,8.407655
AAPL,2020,8,-10715,-0.94763047
AAPL,2020,4,9590,100.0
AAPL,2019,11,6999,7.250671
AAPL,2019,10,-337,-0.058170345
AAPL,2019,2,9126,75.0
AAPL,2019,1,35000,100.0
AAPL,2018,11,3944,15.904509
AAPL,2018,10,-32532,-3.9228265
AAPL,2018,8,-100448,-7.775829
AAPL,2018,7,-15652,-100.0
AAPL,2018,6,0,0.0
AAPL,2018,5,-49623,-41.482826
AAPL,2018,4,76042,12.042976
AAPL,2018,2,45950,92.64113
AAPL,2017,8,-117023,-8.944162
AAPL,2017,7,-11949,-100.0
AAPL,2017,3,0,0.0
AAPL,2017,2,-374155,-49.86905
AAPL,2017,1,-114010,-100.0
AAPL,2016,12,-18565,-100.0
AAPL,2016,11,-393363,-100.0
AAPL,2016,10,177333,14.863251
AAPL,2016,3,537288,25.585142
AAPL,2016,2,11047,73.338646
AAPL,2015,7,3800,100.0
AAPL,2015,6,-24085,-100.0
AAPL,2015,5,-34574,-7.0034356
AAPL,2015,4,186506,19.272205
AAPL,2015,3,23409,17.903496
AAPL,2015,2,22004,21.459362
AAPL,2015,1,-3804,-100.0
AAPL,2014,12,-12732,-100.0
AAPL,2014,11,-81543,-100.0
AAPL,2014,10,4348,33.059612
AAPL,2014,6,3642,12.608184
AAPL,2014,5,-613,-2.9738514
AAPL,2014,4,2460,19.87397
AAPL,2014,3,317,1.460493
AAPL,2014,2,870,12.432123
AAPL,2014,1,-2789,-80.86402
AAPL,2013,12,9129,22.33613
AAPL,2013,10,1228,19.711075
AAPL,2013,6,112903,32.527794
AAPL,2013,3,3371,36.926277
AAPL,2013,2,2709,100.0
AAPL,2013,1,59082,100.0
AAPL,2012,12,2020,36.861313
AAPL,2012,11,-50995,-57.585682
AAPL,2012,10,4147,36.52779
AAPL,2012,9,18840,29.594723
AAPL,2012,8,-7500,-13.043478
AAPL,2012,7,1,0.00499975
AAPL,2012,5,-100,-100.0
AAPL,2011,3,-27596,-25.647793
AAPL,2011,2,-35855,-72.95757
AAPL,2011,1,-9348,-86.1408
AAPL,2010,3,161265,7.540205
AAPL,2010,2,-21900,-100.0
AAPL,2010,1,-10000,-100.0
AMC,2022,8,2832576,99.159836
AMC,2022,3,-63389,-7.940986
AMC,2022,2,1039341,35.517982
AMC,2022,1,128517,4.7450266
AMC,2021,12,-311834,-68.00674
AMC,2021,11,-604463,-24.863571
AMC,2021,8,-45405,-100.0
AMC,2021,6,-199106,-100.0
AMC,2021,5,-29495,-100.0
AMC,2021,4,-45404,-100.0
AMC,2021,3,-14296066,-98.294106
AMC,2021,2,44042724,91.44164
AMC,2021,1,-111300,-0.16675259
AMC,2020,12,-8788490,-82.66855
AMC,2020,10,1143849,38.092354
AMC,2019,3,17496,53.840473
AMC,2019,2,79463,81.635315
AMC,2019,1,123013,65.20251
AMC,2018,10,-17500,-100.0
AMC,2018,9,-75826927,-100.0
AMC,2018,7,-17500,-100.0
AMC,2018,3,62979,58.7902
AMC,2018,2,72263,85.499115
AMC,2018,1,12605,45.988544
AMC,2017,12,-2000,-100.0
AMC,2017,9,35000,100.0
AMC,2017,8,27000,100.0
AMC,2017,7,3500,100.0
AMC,2017,6,10000,100.0
AMC,2017,3,39884,71.69513
AMC,2017,2,31747,100.0
AMC,2017,1,158842,49.033176
AMC,2016,8,10000,100.0
AMC,2016,3,10000,100.0
AMC,2016,2,0,0.0
AMC,2016,1,17123,57.365406
AMC,2015,6,-5021,-100.0
AMC,2015,5,-9000,-100.0
AMC,2015,3,0,0.0
AMC,2015,1,15312,100.0
AMC,2014,1,10004,100.0
AMC,2013,12,151658,100.0
AMD,2022,10,-10425,-100.0
AMD,2022,8,308628,4.82935
AMD,2022,7,-47812,-30.89269
AMD,2022,6,-232169,-26.309444
AMD,2022,5,-34422,-35.300995
AMD,2022,4,18606,19.689306
AMD,2022,3,127521,26.755558
AMD,2022,2,334988,49.764835
AMD,2022,1,-10000,-100.0
AMD,2021,12,0,0.0
AMD,2021,11,-17792,-2.5458095
AMD,2021,10,-64013,-32.165234
AMD,2021,8,545860,28.449116
AMD,2021,7,-31000,-18.674698
AMD,2021,6,-17055,-3.7589345
AMD,2021,5,4933,0.9922938
AMD,2021,4,-16000,-6.3399982
AMD,2021,3,-17186,-3.2780569
AMD,2021,2,15947,3.4480374
AMD,2021,1,-16000,-10.884354
AMD,2020,12,0,0.0
AMD,2020,11,-49537,-11.3737755
AMD,2020,10,0,0.0
AMD,2020,9,-51845,-10.109292
AMD,2020,8,610382,29.936125
AMD,2020,7,-112500,-41.133453
AMD,2020,6,0,0.0
AMD,2020,5,6661,2.1721053
AMD,2019,12,-61000,-21.998947
AMD,2019,11,-74165,-16.152779
AMD,2019,10,-153240,-57.99405
AMD,2019,3,-50000,-100.0
AMD,2019,2,-50000,-100.0
AMD,2018,12,136142,17.514505
AMD,2018,11,-191213,-52.05639
AMD,2018,10,-150000,-66.666664
AMD,2018,9,-200000,-47.058823
AMD,2018,8,2284708,28.387468
AMD,2018,7,-22025000,-97.71517
AMD,2018,6,15301,3.9908607
AMD,2018,4,13653,100.0
AMD,2018,2,127282,57.585327
AMD,2018,1,143908,48.9483
AMD,2017,9,-120000,-17.266188
AMD,2017,8,-39028374,-87.94594
AMD,2017,7,-57500,-53.488373
AMD,2017,3,-45150000,-99.88938
AMD,2017,2,-20000,-10.596026
AMD,2017,1,152750,34.437435
AMD,2016,12,159501,18.678135
AMD,2016,11,2133075,33.022667
AMD,2016,10,121630,27.771435
AMD,2016,8,69100,100.0
AMD,2015,5,218278,81.34806
AMD,2015,4,62639,83.62236
AMD,2015,3,69269,100.0
AMD,2015,2,141840,50.344288
AMD,2015,1,199890,50.780415
AMD,2014,5,640688,83.428345
AMD,2014,3,34906166,100.0
AMD,2014,2,195845,65.00453
AMD,2014,1,279323,53.047665
AMD,2013,11,4260,7.6207514
AMD,2013,5,281153,100.0
AMD,2013,3,-1000,-100.0
AMD,2013,2,-1000,-100.0
AMD,2013,1,-1000,-100.0
AMD,2012,12,-1000,-100.0
AMD,2012,11,122662,63.522526
AMD,2012,10,-4000,-100.0
AMD,2012,9,16670,100.0
AMD,2012,8,262198,45.78662
AMD,2011,3,15593,88.63184
AMD,2011,2,11000,5.6282105
AMD,2011,1,458762,48.041126
AMD,2010,11,21861,19.61173
AMD,2010,3,16593,100.0
AMD,2010,2,36123,23.61212
AMZN,2022,11,-345,-100.0
AMZN,2022,10,-1020,-100.0
AMZN,2022,9,20217,83.2078
AMZN,2022,8,-1067184,-80.61374
AMZN,2022,5,-77553,-76.50866
AMZN,2022,3,-5282,-100.0
AMZN,2022,2,-29332,-65.719666
AMZN,2022,1,-69,-100.0
AMZN,2021,12,-100878,-100.0
AMZN,2021,11,-1075240,-98.5076
AMZN,2021,10,0,0.0
AMZN,2021,8,-14018,-48.45489
AMZN,2021,7,-243,-100.0
AMZN,2021,2,-10345,-44.596283
AMZN,2021,1,-314,-100.0
AMZN,2020,12,-33421,-87.70765
AMZN,2020,11,-1230269,-97.165596
AMZN,2020,10,100,4.347826
AMZN,2020,9,-1460,-100.0
AMZN,2020,8,-1019430,-98.277824
AMZN,2020,7,100,100.0
AMZN,2020,6,-2602,-100.0
AMZN,2020,5,-16306,-48.066265
AMZN,2020,4,-53219,-99.6256
AMZN,2019,12,-4181,-100.0
AMZN,2019,11,-48085,-48.941975
AMZN,2019,10,-204,-50.49505
AMZN,2019,9,-5300,-100.0
AMZN,2019,8,-528841,-91.70139
AMZN,2019,7,-976219,-100.0
AMZN,2019,5,5222,12.252463
AMZN,2019,4,-10,-100.0
AMZN,2019,3,-2058,-100.0
AMZN,2019,2,3584,3.6957598
AMZN,2018,11,-40981,-47.393864
AMZN,2018,10,-20764,-100.0
AMZN,2018,9,-6000,-100.0
AMZN,2018,8,-13214,-23.737156
AMZN,2018,5,2332,5.65032
AMZN,2018,3,-1000,-100.0
AMZN,2018,2,-15719,-22.796026
AMZN,2017,12,-2800,-100.0
AMZN,2017,11,-994749,-94.674614
AMZN,2017,8,7214,16.018297
AMZN,2017,6,-3380,-100.0
AMZN,2017,5,-998190,-88.019775
AMZN,2017,3,-4000,-100.0
AMZN,2017,2,2262,5.0506854
AMZN,2016,12,-10308,-100.0
AMZN,2016,11,5689,10.318684
AMZN,2016,9,-14000,-100.0
AMZN,2016,8,-1003977,-94.78197
AMZN,2016,6,-6250,-100.0
AMZN,2016,5,-1003740,-94.06277
AMZN,2016,3,-6250,-100.0
AMZN,2016,2,612,0.8601062
AMZN,2015,12,-6250,-100.0
AMZN,2015,11,-23602,-23.462631
AMZN,2015,9,-6250,-100.0
AMZN,2015,8,-1016132,-93.559074
AMZN,2015,6,-2278,-48.696026
AMZN,2015,5,-35368,-31.659983
AMZN,2015,2,-2612,-2.7884533
AMZN,2014,12,-10309,-100.0
AMZN,2014,11,12036,12.564986
AMZN,2014,9,-3793,-100.0
AMZN,2014,8,16040,22.62852
AMZN,2014,6,-676,-21.976593
AMZN,2014,5,11719,15.581912
AMZN,2014,4,1667,100.0
AMZN,2014,2,-985498,-90.57253
AMZN,2013,12,-12113,-78.41652
AMZN,2013,11,-1038839,-89.44505
AMZN,2013,9,-5000,-100.0
AMZN,2013,8,-1001785,-90.09093
AMZN,2013,6,-1300,-35.135136
AMZN,2013,5,7017,6.8013296
AMZN,2013,4,1667,100.0
AMZN,2013,2,-200246,-68.66582
AMZN,2012,12,-20,-0.5963029
AMZN,2012,11,-787098,-81.8848
AMZN,2012,9,35219,27.69203
AMZN,2012,8,-18246,-15.799865
AMZN,2012,6,2333,100.0
AMZN,2012,5,7238,8.042401
AMZN,2012,4,1666,100.0
AMZN,2012,3,-4838,-36.546307
AMZN,2012,2,-72085,-40.32479
AMZN,2012,1,68,100.0
AMZN,2011,11,97,100.0
AMZN,2011,9,26500,18.675123
AMZN,2011,8,-55494,-31.499897
AMZN,2011,7,-5379,-100.0
AMZN,2011,6,-3417,-42.273907
AMZN,2011,5,10800,9.829083
AMZN,2011,4,2333,100.0
AMZN,2011,3,367,0.23063919
AMZN,2011,2,-907,-0.3399512
AMZN,2010,12,-4086,-2.6330712
AMZN,2010,11,-908523,-77.86217
AMZN,2010,10,-13358,-100.0
AMZN,2010,9,-16735,-8.986248
AMZN,2010,8,-1051304,-81.436966
AMZN,2010,3,-4010,-2.4285662
AMZN,2010,2,-1996840,-91.81634
BAC,2022,10,-15852,-33.333332
BAC,2022,9,-13122,-22.828016
BAC,2022,8,-45328,-19.728241
BAC,2022,7,-15853,-33.333332
BAC,2022,6,-21897,-14.255767
BAC,2022,5,1485,4.174984
BAC,2022,4,23360,36.957348
BAC,2022,3,476995,33.89036
BAC,2022,2,1066068,38.16021
BAC,2022,1,305726,34.745144
BAC,2021,12,-5000,-2.0778098
BAC,2021,11,-4400,-10.9901085
BAC,2021,10,-108478,-75.27131
BAC,2021,8,-80000,-69.18261
BAC,2021,7,-27000,-43.104824
BAC,2021,4,15019,61.626522
BAC,2021,3,729620,34.006676
BAC,2021,2,496552,24.90663
BAC,2021,1,0,0.0
BAC,2020,12,0,0.0
BAC,2020,11,-21000,-36.673534
BAC,2020,10,-50000,-57.961605
BAC,2020,9,0,0.0
BAC,2020,8,6436281,99.43973
BAC,2020,7,78655725,99.95392
BAC,2020,6,0,0.0
BAC,2020,5,0,0.0
BAC,2020,4,27522,43.1474
BAC,2019,12,-15000,-25.564116
BAC,2019,11,0,0.0
BAC,2019,10,-2340077,-98.16776
BAC,2019,3,475411,33.728214
BAC,2019,2,230024,32.159405
BAC,2019,1,0,0.0
BAC,2018,12,0,0.0
BAC,2018,11,-638,-1.8134273
BAC,2018,10,0,0.0
BAC,2018,9,0,0.0
BAC,2018,8,9144,0.2161788
BAC,2018,7,0,0.0
BAC,2018,6,-30000,-46.47992
BAC,2018,5,0,0.0
BAC,2018,4,19906,36.55831
BAC,2018,3,0,0.0
BAC,2018,2,188100,33.900932
BAC,2018,1,0,0.0
BAC,2017,9,0,0.0
BAC,2017,8,-86763,-68.59766
BAC,2017,7,0,0.0
BAC,2017,3,21894,1.589999
BAC,2017,2,265846,25.850246
BAC,2017,1,0,0.0
BAC,2016,12,-40000,-41.008816
BAC,2016,11,25000,30.288345
BAC,2016,10,0,0.0
BAC,2016,9,100000000,100.0
BAC,2016,8,798403194,100.0
BAC,2016,3,327644,18.158138
BAC,2016,2,238733,41.79741
BAC,2016,1,0,0.0
BAC,2015,6,8324,18.99676
BAC,2015,5,56078,59.144028
BAC,2015,4,-1734,-4.6577845
BAC,2015,3,611753,33.060528
BAC,2015,2,586678,18.210222
BAC,2015,1,0,0.0
BAC,2014,12,0,0.0
BAC,2014,11,0,0.0
BAC,2014,10,4948,11.6401615
BAC,2014,6,0,0.0
BAC,2014,5,75287,65.2553
BAC,2014,4,0,0.0
BAC,2014,3,290201,28.1878
BAC,2014,2,286922,24.206085
BAC,2014,1,0,0.0
BAC,2013,12,0,0.0
BAC,2013,11,0,0.0
BAC,2013,10,0,0.0
BAC,2013,6,-580734,-92.61426
BAC,2013,5,55506,47.979877
BAC,2013,4,20000,30.160454
BAC,2013,3,0,0.0
BAC,2013,2,117264,21.936464
BAC,2013,1,20000,34.453056
BAC,2012,12,0,0.0
BAC,2012,11,10000,7.3119726
BAC,2012,10,0,0.0
BAC,2012,9,56612,28.255705
BAC,2012,8,70926,21.11823
BAC,2012,7,0,0.0
BAC,2012,6,0,0.0
BAC,2011,6,0,0.0
BAC,2011,5,0,0.0
BAC,2011,4,0,0.0
BAC,2011,3,0,0.0
BAC,2011,2,182934,34.042973
BAC,2011,1,385114,31.017258
BAC,2010,12,258,0.25568858
BAC,2010,11,30000,47.484882
BAC,2010,10,0,0.0
BAC,2010,9,0,0.0
BAC,2010,7,6000,100.0
BAC,2010,3,-10000,-100.0
BAC,2010,2,753753,52.334908
BAC,2010,1,423041,33.10991
CMCSA,2022,10,-3940,-15.21588
CMCSA,2022,9,4314,100.0
CMCSA,2022,8,-1351,-16.445526
CMCSA,2022,6,2663,25.841824
CMCSA,2022,5,16071,47.366558
CMCSA,2022,4,24066,40.001995
CMCSA,2022,3,201191,21.507748
CMCSA,2022,2,17286,39.603188
CMCSA,2022,1,15400,55.3479
CMCSA,2021,12,507192,23.744656
CMCSA,2021,11,33579,97.13616
CMCSA,2021,10,6127,38.712326
CMCSA,2021,9,2790,100.0
CMCSA,2021,8,-12184,-82.55861
CMCSA,2021,7,1298,33.979057
CMCSA,2021,6,2740,100.0
CMCSA,2021,3,82564,20.147684
CMCSA,2021,2,718185,20.613836
CMCSA,2021,1,3886,49.05327
CMCSA,2020,12,7269,15.562978
CMCSA,2020,11,35387,98.294495
CMCSA,2020,9,3374,100.0
CMCSA,2020,8,0,0.0
CMCSA,2020,6,2457,15.124654
CMCSA,2020,5,13532,13.601093
CMCSA,2020,4,32275,33.285206
CMCSA,2020,3,2365,97.12526
CMCSA,2019,12,-1162,-0.034325726
CMCSA,2019,11,-92847,-78.712585
CMCSA,2019,10,-597,-0.025629478
CMCSA,2019,9,2095,95.7058
CMCSA,2019,7,-270000,-100.0
CMCSA,2019,6,-833,-100.0
CMCSA,2019,5,-2856,-100.0
CMCSA,2019,3,1008272,21.128796
CMCSA,2019,2,-285346,-8.643323
CMCSA,2019,1,-845,-100.0
CMCSA,2018,12,-4858,-9.447318
CMCSA,2018,11,14770,21.273838
CMCSA,2018,10,7559,35.66744
CMCSA,2018,9,3513,0.17805418
CMCSA,2018,6,2882,35.327286
CMCSA,2018,5,14851,31.115255
CMCSA,2018,4,34623,31.284054
CMCSA,2018,3,84637,1.9343845
CMCSA,2018,1,12201,0.8027042
CMCSA,2017,12,-262855,-14.077217
CMCSA,2017,9,-2232,-10.130719
CMCSA,2017,8,17083,26.878235
CMCSA,2017,6,2208,96.0
CMCSA,2017,5,-12298,-100.0
CMCSA,2017,3,201552,18.347261
CMCSA,2017,2,152983,10.365425
CMCSA,2017,1,19456,2.8106022
CMCSA,2016,12,-13742,-32.673927
CMCSA,2016,11,22341,21.122446
CMCSA,2016,10,11040,3.1593406
CMCSA,2016,9,-18318,-66.120415
CMCSA,2016,7,-333584,-35.419758
CMCSA,2016,6,1323,96.92308
CMCSA,2016,5,-94628,-100.0
CMCSA,2016,4,-2372,-100.0
CMCSA,2016,3,107445,14.489851
CMCSA,2016,2,229877,17.12174
CMCSA,2016,1,62452,42.161404
CMCSA,2015,12,1530,10.433715
CMCSA,2015,11,4530,26.500526
CMCSA,2015,10,-137616,-100.0
CMCSA,2015,9,1519,97.30942
CMCSA,2015,6,-89755,-4.2784705
CMCSA,2015,5,-57026,-100.0
CMCSA,2015,4,50708,8.548991
CMCSA,2015,3,429683,15.325236
CMCSA,2015,2,-285297,-14.614719
CMCSA,2015,1,362070,60.917217
CMCSA,2014,12,-1604,-0.5435188
CMCSA,2014,11,-76283,-13.310893
CMCSA,2014,10,-4155,-1.853628
CMCSA,2014,9,1611,97.577225
CMCSA,2014,8,-378,-100.0
CMCSA,2014,6,-4881,-17.82623
CMCSA,2014,5,7753,2.185501
CMCSA,2014,4,-11769,-2.275192
CMCSA,2014,3,543074,9.026771
CMCSA,2014,2,-27376,-30.94732
CMCSA,2014,1,12975,44.872902
CMCSA,2013,12,221079,22.04483
CMCSA,2013,11,8607,3.4953845
CMCSA,2013,10,-5,-100.0
CMCSA,2013,9,1650,97.86477
CMCSA,2013,5,198401,8.495663
CMCSA,2013,4,114190,29.931849
CMCSA,2013,3,383291,31.485504
CMCSA,2013,2,-24116,-18.906206
CMCSA,2013,1,33455,40.993248
CMCSA,2012,12,-665397,-97.83452
CMCSA,2012,11,-350322,-18.587423
CMCSA,2012,10,-79509,-11.963598
CMCSA,2012,9,-361310,-10.506416
CMCSA,2012,8,47652,3.4246488
CMCSA,2012,6,-1083,-0.09258476
CMCSA,2012,5,-26281,-100.0
CMCSA,2012,4,-250934,-100.0
CMCSA,2011,3,244667,17.662312
CMCSA,2011,2,-3781,-0.15112351
CMCSA,2011,1,129322,31.24837
CMCSA,2010,12,-109754,-51.31713
CMCSA,2010,11,-1057224,-97.84291
CMCSA,2010,10,-17004,-78.37389
CMCSA,2010,8,-701500,-100.0
CMCSA,2010,3,-4140849,-90.62178
CMCSA,2010,1,6684,47.654358
CRM,2022,11,-8175,-90.76274
CRM,2022,10,-50005,-31.50457
CRM,2022,9,-85442,-43.188732
CRM,2022,8,-48427,-31.542986
CRM,2022,7,-37431,-27.649452
CRM,2022,6,-159581,-61.68073
CRM,2022,5,4123,4.492411
CRM,2022,4,18435,9.952975
CRM,2022,3,15391,8.086948
CRM,2022,2,4526,3.4240668
CRM,2022,1,4391,2.7154386
CRM,2021,12,-47242,-17.66307
CRM,2021,11,-64851,-30.17687
CRM,2021,10,3789,0.39424273
CRM,2021,9,0,0.0
CRM,2021,8,-21408,-2.1535664
CRM,2021,7,-1084,-0.10995766
CRM,2021,6,0,0.0
CRM,2021,3,-131780,-64.791145
CRM,2021,2,-2424,-3.147643
CRM,2021,1,-4778,-5.6324415
CRM,2020,12,3424,4.1956673
CRM,2020,11,6559,9.001578
CRM,2020,10,-327639,-70.21703
CRM,2020,9,-241194,-34.928215
CRM,2020,8,-157704,-23.066526
CRM,2020,7,-161992,-24.058552
CRM,2020,6,-383435,-36.738224
CRM,2020,5,-39185,-7.1797776
CRM,2020,4,-32951,-6.8843117
CRM,2020,1,-119,-100.0
CRM,2019,12,-228919,-21.367281
CRM,2019,11,-88017,-66.655815
CRM,2019,10,-117324,-97.35785
CRM,2019,9,0,0.0
CRM,2019,3,-126598,-39.203407
CRM,2019,2,-86489,-30.011208
CRM,2019,1,-111750,-44.313587
CRM,2018,12,-313028,-33.588425
CRM,2018,11,-94316,-31.180698
CRM,2018,10,-116706,-33.86218
CRM,2018,9,-327305,-35.730465
CRM,2018,8,-90037,-25.940758
CRM,2018,7,-102466,-27.736692
CRM,2018,6,-276163,-56.29718
CRM,2018,5,-94529,-12.212371
CRM,2018,4,-109663,-26.079006
CRM,2018,3,-111652,-26.705767
CRM,2018,2,-73965,-39.95538
CRM,2018,1,-108448,-52.58442
CRM,2017,12,-240188,-63.939304
CRM,2017,11,38159,5.2881613
CRM,2017,10,22,0.0038058334
CRM,2017,9,10681,5.3247123
CRM,2017,8,-254626,-34.77433
CRM,2017,7,-5275,-1.0304888
CRM,2017,6,-120000,-85.71429
CRM,2017,3,-4260,-0.39559606
CRM,2017,2,30384,4.9857407
CRM,2017,1,1959,0.24040025
CRM,2016,12,-414646,-97.390526
CRM,2016,11,-219556,-26.801989
CRM,2016,10,-212635,-54.47277
CRM,2016,9,-352710,-36.84833
CRM,2016,8,26140,3.3472567
CRM,2016,7,1180,0.14834818
CRM,2016,6,-155,-0.6161797
CRM,2016,4,148,100.0
CRM,2016,3,-577334,-84.36165
CRM,2016,2,-233274,-65.15087
CRM,2016,1,-342798,-81.74664
CRM,2015,12,-367323,-57.132393
CRM,2015,11,-206794,-39.50265
CRM,2015,10,-235263,-52.35804
CRM,2015,9,-3209,-0.39455226
CRM,2015,8,34277,5.3020563
CRM,2015,7,-5147,-0.8275172
CRM,2015,6,-2002,-0.3183741
CRM,2015,5,30980,5.0819044
CRM,2015,4,-263400,-54.914127
CRM,2015,3,-288299,-82.40481
CRM,2015,2,-209933,-39.125946
CRM,2015,1,-262900,-85.384865
CRM,2014,12,-300468,-59.451054
CRM,2014,11,-80504,-19.03834
CRM,2014,10,-475500,-64.892
CRM,2014,9,-40000,-100.0
CRM,2014,6,-422256,-80.509766
CRM,2014,5,37072,28.41376
CRM,2014,4,-1600,-4.540295
CRM,2014,3,-4097,-1.6094501
CRM,2014,2,48430,35.44817
CRM,2014,1,-1600,-1.5918814
CRM,2013,12,-87972,-59.892975
CRM,2013,11,62742,15.533582
CRM,2013,10,-19200,-2.2700133
CRM,2013,9,-6000,-100.0
CRM,2013,6,-4800,-17.391304
CRM,2013,5,241439,56.13594
CRM,2013,4,26839,19.55269
CRM,2013,3,-518,-0.4082791
CRM,2013,2,21877,23.202562
CRM,2013,1,11188,7.6851215
CRM,2012,12,149179,8.669181
CRM,2012,11,-95011,-44.237045
CRM,2012,10,-867,-4.6837015
CRM,2012,9,-136972,-90.84711
CRM,2012,8,-33740,-27.830017
CRM,2012,7,-1214,-8.917291
CRM,2012,6,-6409,-100.0
CRM,2011,3,-750,-1.7012975
CRM,2011,2,16081,32.965702
CRM,2011,1,0,0.0
CRM,2010,12,-595882,-83.21793
CRM,2010,11,-218600,-68.515045
CRM,2010,10,-237004,-77.44975
CRM,2010,9,-1000,-100.0
CRM,2010,3,-293930,-50.352726
CRM,2010,2,-184590,-56.60499
CRM,2010,1,-206180,-48.008904
CVX,2022,11,-53500,-33.333332
CVX,2022,8,-55925,-32.935226
CVX,2022,6,1275,100.0
CVX,2022,5,720,0.031564493
CVX,2022,3,0,0.0
CVX,2022,2,0,0.0
CVX,2022,1,0,0.0
CVX,2021,12,0,0.0
CVX,2021,11,0,0.0
CVX,2021,10,0,0.0
CVX,2021,5,10830,100.0
CVX,2021,2,3200,100.0
CVX,2021,1,1061,0.19848804
CVX,2020,12,0,0.0
CVX,2020,11,500,100.0
CVX,2020,9,2048,100.0
CVX,2020,8,-5750,-100.0
CVX,2020,5,12055,100.0
CVX,2019,12,0,0.0
CVX,2019,11,-16844,-27.324638
CVX,2019,9,-1760,-100.0
CVX,2019,8,-1000,-100.0
CVX,2019,1,0,0.0
CVX,2018,12,787,2.0893621
CVX,2018,11,-844,-4.253175
CVX,2018,10,0,0.0
CVX,2018,9,0,0.0
CVX,2018,7,0,0.0
CVX,2018,5,5612,2.0826685
CVX,2017,8,-2312,-1.6245995
CVX,2017,7,0,0.0
CVX,2017,3,0,0.0
CVX,2017,1,0,0.0
CVX,2016,12,968,2.6080396
CVX,2016,11,-5637,-6.8213997
CVX,2016,10,1365,100.0
CVX,2015,5,203958,100.0
CVX,2015,1,707,100.0
CVX,2014,12,987,6.5213084
CVX,2014,5,18310,4.6435547
CVX,2014,3,-3000,-100.0
CVX,2014,2,5000,100.0
CVX,2014,1,687,1.7576176
CVX,2013,12,0,0.0
CVX,2013,5,22453,8.893932
CVX,2012,8,15000,5.1546392
CVX,2012,5,3670,100.0
CVX,2011,5,3598,100.0
CVX,2011,2,10000,3.5536098
CVX,2011,1,0,0.0
CVX,2010,11,-2168,-100.0
DG,2022,11,77328,100.0
DG,2022,9,-107259,-33.333332
DG,2022,8,-24536,-32.106777
DG,2022,6,-5000,-33.333332
DG,2022,5,8647,34.282204
DG,2022,4,-60695,-80.1794
DG,2022,3,150471,88.251236
DG,2022,1,880,100.0
DG,2021,12,16196,2.126341
DG,2021,6,-485,-2.3909292
DG,2021,5,-6542,-0.9777956
DG,2021,4,-64170,-100.0
DG,2021,3,205129,79.69796
DG,2021,2,944,100.0
DG,2021,1,3194,100.0
DG,2020,12,-4036,-38.71834
DG,2020,9,-15890,-3.0267935
DG,2020,8,0,0.0
DG,2020,6,2638,10.219261
DG,2020,5,3804,1.1360242
DG,2020,4,-12958,-100.0
DG,2019,3,31699,100.0
DG,2019,2,1853,100.0
DG,2018,10,4401,65.715996
DG,2018,9,0,0.0
DG,2018,5,7794,99.97434
DG,2018,4,-18403,-100.0
DG,2018,3,37346,100.0
DG,2018,2,2112,100.0
DG,2017,9,-11257,-100.0
DG,2017,3,30702,86.00482
DG,2017,2,2681,100.0
DG,2016,12,-6376,-100.0
DG,2016,8,5000,100.0
DG,2016,3,5431,20.38281
DG,2016,2,2814,100.0
DG,2015,9,15,100.0
DG,2015,8,5000,100.0
DG,2015,7,7,100.0
DG,2015,6,-18415,-28.423912
DG,2015,5,11668,99.982864
DG,2015,4,5,100.0
DG,2015,3,-38279,-2.4269502
DG,2015,1,-4049,-100.0
DG,2014,5,5346,100.0
DG,2014,3,-237208,-52.045547
DG,2013,12,-872600,-89.11811
DG,2013,11,0,0.0
DG,2013,10,0,0.0
DG,2013,5,4840,100.0
DG,2013,4,-15620071,-99.97491
DG,2013,3,423284,39.378628
DG,2012,12,9790,38.293045
DG,2012,11,-27481741,-100.0
DG,2012,10,-103937461,-99.995094
DG,2012,9,419346,35.435814
DG,2012,6,-17729358,-99.93163
DG,2012,4,-18223390,-100.0
DG,2010,12,-14616610,-98.40074
DG,2010,1,1459,100.0
DISH,2022,9,110000,100.0
DISH,2022,8,700000,17.015997
DISH,2022,7,0,0.0
DISH,2022,6,-87492861,-20.045168
DISH,2022,5,1255000,2.4485416
DISH,2022,3,-606361,-2.0094607
DISH,2022,1,3567,48.909912
DISH,2021,12,-305,-0.002033292
DISH,2021,11,0,0.0
DISH,2021,9,540000,100.0
DISH,2021,3,6000,88.23529
DISH,2020,12,-320,-0.530504
DISH,2020,9,0,0.0
DISH,2020,7,-3685,-3.4736297
DISH,2020,6,1710028,91.09189
DISH,2020,5,1176188,100.0
DISH,2020,4,731,54.188286
DISH,2020,3,-16500,-0.03602764
DISH,2020,2,-10000,-100.0
DISH,2019,12,23095210,99.9974
DISH,2019,11,-1787,-100.0
DISH,2019,9,14756907,100.0
DISH,2019,8,800005,100.0
DISH,2019,5,670000,100.0
DISH,2019,4,743,55.572178
DISH,2019,2,40000,100.0
DISH,2019,1,85000,100.0
DISH,2018,12,144600,99.44979
DISH,2018,11,40000,100.0
DISH,2018,10,65000,100.0
DISH,2018,9,10000,100.0
DISH,2018,7,-27315,-11.31923
DISH,2018,6,20000,100.0
DISH,2018,5,100000,100.0
DISH,2018,4,-1190,-100.0
DISH,2018,3,739,5.5393147
DISH,2018,2,0,0.0
DISH,2018,1,-228,-100.0
DISH,2017,12,-573,-100.0
DISH,2017,11,-1785,-62.741653
DISH,2017,10,-325,-100.0
DISH,2017,8,99215,65.79899
DISH,2017,7,-100,-100.0
DISH,2017,6,-1000,-100.0
DISH,2017,5,0,0.0
DISH,2017,3,0,0.0
DISH,2017,1,-92,-0.076607935
DISH,2016,12,0,0.0
DISH,2016,11,-1920,-66.666664
DISH,2016,10,-89,-100.0
DISH,2016,9,30000,33.333332
DISH,2016,8,0,0.0
DISH,2016,7,-94,-100.0
DISH,2016,5,0,0.0
DISH,2016,1,-116,-100.0
DISH,2015,12,-2000,-0.04095499
DISH,2015,11,494999,75.57225
DISH,2015,10,-130,-100.0
DISH,2015,9,-3647,-47.691906
DISH,2015,8,0,0.0
DISH,2015,7,-200,-100.0
DISH,2015,6,0,0.0
DISH,2015,4,-80,-100.0
DISH,2015,3,30,0.020543724
DISH,2015,2,59774,9.395089
DISH,2015,1,-84,-0.0839295
DISH,2014,12,-610,-0.5990376
DISH,2014,11,23922,2.0480323
DISH,2014,10,0,0.0
DISH,2014,9,0,0.0
DISH,2014,8,0,0.0
DISH,2014,7,0,0.0
DISH,2014,6,0,0.0
DISH,2014,5,15399,1.2766169
DISH,2014,4,0,0.0
DISH,2014,3,0,0.0
DISH,2014,2,0,0.0
DISH,2014,1,0,0.0
DISH,2013,12,-1440,-0.40751642
DISH,2013,11,0,0.0
DISH,2013,10,-180,-2.200489
DISH,2013,9,0,0.0
DISH,2013,8,-21491,-1.2720594
DISH,2013,7,-210,-0.14511381
DISH,2013,6,4000,0.7662835
DISH,2013,5,63250,16.439247
DISH,2013,4,-180,-0.022551304
DISH,2013,3,0,0.0
DISH,2013,2,0,0.0
DISH,2013,1,-210,-2.5578563
DISH,2012,12,0,0.0
DISH,2012,11,0,0.0
DISH,2012,10,0,0.0
DISH,2012,9,0,0.0
DISH,2012,8,-869,-0.19381444
DISH,2012,7,0,0.0
DISH,2012,5,15000,2.7279968
DISH,2012,4,1380000,78.5877
DISH,2012,3,0,0.0
DISH,2012,2,0,0.0
DISH,2012,1,0,0.0
DISH,2011,12,-900,-33.333332
DISH,2011,11,315000,75.539566
DISH,2011,8,5000,100.0
DISH,2011,6,5000,7.183908
DISH,2011,5,-4127,-0.47245464
DISH,2011,2,-407035,-100.0
DISH,2011,1,-990674,-97.53858
DISH,2010,12,-248223,-98.3946
DISH,2010,11,-604492,-88.9626
DISH,2010,10,-442572,-100.0
DISH,2010,9,-57728,-53.58681
DISH,2010,8,-50000,-33.333332
DISH,2010,7,-300,-100.0
DISH,2010,6,-403601,-100.0
DISH,2010,5,-82500,-17.098446
DISH,2010,4,-275,-100.0
DISH,2010,1,-275,-100.0
EA,2022,11,-3444,-50.145603
EA,2022,10,-11275,-100.0
EA,2022,9,-4300,-100.0
EA,2022,8,-49092,-23.539227
EA,2022,7,-14575,-23.530457
EA,2022,6,-5900,-100.0
EA,2022,5,108803,32.505386
EA,2022,4,-14900,-100.0
EA,2022,3,-14900,-100.0
EA,2022,2,-19735,-90.96566
EA,2022,1,-20715,-100.0
EA,2021,12,-20715,-100.0
EA,2021,11,86201,20.147245
EA,2021,10,-10715,-100.0
EA,2021,8,-9365,-28.761402
EA,2021,7,-7145,-17.36457
EA,2021,6,-5900,-100.0
EA,2021,5,149154,32.818027
EA,2021,4,-8890,-100.0
EA,2021,3,-11390,-23.061348
EA,2021,2,-98302,-98.817825
EA,2021,1,-10890,-100.0
EA,2020,12,-5975,-100.0
EA,2020,11,13727,3.0087564
EA,2020,10,-7975,-1.5699592
EA,2020,9,-16524,-3.199077
EA,2020,8,-76968,-67.88499
EA,2020,7,-21079,-67.52411
EA,2020,6,-14648,-23.177948
EA,2020,5,-2317697,-61.263245
EA,2020,4,-5200,-100.0
EA,2019,12,-19985,-33.31666
EA,2019,11,1803,2.389187
EA,2019,10,-17285,-100.0
EA,2019,8,2267,100.0
EA,2019,7,10000,100.0
EA,2019,2,-9027,-17.991749
EA,2018,12,-19500,-100.0
EA,2018,11,-18032,-85.99771
EA,2018,10,-28500,-41.60584
EA,2018,9,-23250,-29.561348
EA,2018,8,42061,24.860657
EA,2018,7,-15250,-19.639408
EA,2018,6,-10500,-100.0
EA,2018,5,48773,23.540342
EA,2018,4,-10500,-100.0
EA,2018,2,-835000,-62.11069
EA,2017,11,204,100.0
EA,2017,9,-22391,-29.301071
EA,2017,8,-165049,-98.5891
EA,2017,7,7313,7.1663055
EA,2017,3,-19000,-43.920483
EA,2017,2,94424,23.51816
EA,2017,1,-14000,-36.59174
EA,2016,12,-248781,-100.0
EA,2016,11,-37971,-39.74897
EA,2016,10,-41379,-81.25798
EA,2016,8,-1427152,-60.37686
EA,2016,7,13570,100.0
EA,2016,5,-345,-100.0
EA,2016,3,-13300,-100.0
EA,2016,2,-12551,-89.33732
EA,2016,1,-15300,-100.0
EA,2015,11,325,100.0
EA,2015,8,329,0.4235706
EA,2015,7,5069,100.0
EA,2015,6,620,1.4655825
EA,2015,5,-2043226,-23.5047
EA,2015,4,-3909,-100.0
EA,2015,3,-3909,-100.0
EA,2015,2,-92121,-25.527122
EA,2015,1,-81543,-39.036148
EA,2014,11,-12537,-91.66484
EA,2014,8,694,100.0
EA,2014,7,11200,100.0
EA,2014,5,267093,13.869247
EA,2014,3,8323,45.369312
EA,2014,2,-1299668,-63.22825
EA,2014,1,0,0.0
EA,2013,11,-7666,-7.4911566
EA,2013,10,-219874,-100.0
EA,2013,5,18058,13.693374
EA,2013,2,19998,23.579767
EA,2012,12,6332,46.327187
EA,2012,11,-148381,-89.45566
EA,2012,9,111438,36.350883
EA,2012,8,-82212,-77.295975
EA,2012,7,39166,100.0
EA,2012,5,1018,100.0
EFX,2022,11,-140,-100.0
EFX,2022,10,-40012,-96.75017
EFX,2022,9,182,100.0
EFX,2022,8,-754,-100.0
EFX,2022,7,115655,100.0
EFX,2022,6,171,100.0
EFX,2022,5,9429,38.610214
EFX,2022,4,-15000,-100.0
EFX,2022,3,-505,-100.0
EFX,2022,2,122417,33.44864
EFX,2021,12,10090,17.057749
EFX,2021,10,644,52.786884
EFX,2021,8,-17002,-18.902452
EFX,2021,7,-10279,-45.42803
EFX,2021,5,45664,18.068295
EFX,2021,3,13176,26.090055
EFX,2021,2,15301,35.42308
EFX,2020,11,1154,100.0
EFX,2020,9,-675,-100.0
EFX,2020,7,-34680,-100.0
EFX,2020,5,6882,100.0
EFX,2019,11,14260,53.520493
EFX,2019,10,-11655,-43.72538
EFX,2019,9,-895,-100.0
EFX,2019,5,1379,100.0
EFX,2019,3,-203,-100.0
EFX,2019,2,26296,57.63128
EFX,2018,9,-659,-100.0
EFX,2018,8,9422,24.423246
EFX,2018,7,63974,100.0
EFX,2018,5,55563,100.0
EFX,2018,4,1532,100.0
EFX,2018,3,2781,100.0
EFX,2018,2,6010,26.006058
EFX,2018,1,473,100.0
EFX,2017,12,1550,100.0
EFX,2017,8,-14706,-93.478264
EFX,2017,7,862,100.0
EFX,2017,5,2486,100.0
EFX,2017,2,-19901,-4.570624
EFX,2017,1,1944,100.0
EFX,2016,12,-10775,-100.0
EFX,2016,11,1625,17.711172
EFX,2016,10,3941,78.678375
EFX,2016,5,1250,100.0
EFX,2016,2,-9016,-3.5651019
EFX,2016,1,470,100.0
EFX,2015,5,-7150,-16.018461
EFX,2015,4,0,0.0
EFX,2015,2,-58559,-13.18733
EFX,2014,11,-272,-100.0
EFX,2014,5,15906,2.7736025
EFX,2014,4,-75246,-100.0
EFX,2014,2,96141,26.07263
EFX,2013,11,2685,100.0
EFX,2013,10,766,31.470829
EFX,2013,5,6900,5.0854955
EFX,2013,4,-298,-2.0842075
EFX,2013,2,23589,54.116863
EFX,2012,12,-22666,-6.5070105
EFX,2012,10,1188,42.24751
EFX,2012,8,-10700,-11.259365
EFX,2012,5,5388,100.0
EFX,2011,5,6454,100.0
EFX,2011,2,-53799,-50.774372
EFX,2011,1,-1157,-100.0
EFX,2010,11,0,0.0
EFX,2010,2,-32365,-23.141163
F,2022,9,21832,0.41508576
F,2022,8,3322,5.050474
F,2022,6,10083,100.0
F,2022,5,209005,48.066242
F,2022,3,1978589,40.50229
F,2022,2,54166,28.760607
F,2021,12,2320296,68.95406
F,2021,11,210250,36.418026
F,2021,10,-30000,-100.0
F,2021,8,7910,100.0
F,2021,6,-38824,-30.179878
F,2021,5,34356,56.445305
F,2021,3,924976,37.68847
F,2021,2,-12217,-10.721651
F,2020,11,0,0.0
F,2020,8,5544,0.9086439
F,2020,7,0,0.0
F,2020,5,554931,45.774414
F,2020,4,194950,100.0
F,2019,12,-20000,-100.0
F,2019,11,-5126,-10.9548645
F,2019,10,-40000,-44.444443
F,2019,9,-20000,-100.0
F,2019,7,-20000,-100.0
F,2019,6,-20000,-100.0
F,2019,5,78661,39.27532
F,2019,3,567761,41.889587
F,2018,11,0,0.0
F,2018,10,4000,100.0
F,2018,9,-13000,-100.0
F,2018,8,10000,100.0
F,2018,5,147215,55.221294
F,2018,3,1298844,50.24328
F,2018,2,5000,100.0
F,2017,9,-177815,-74.7703
F,2017,8,-80624,-100.0
F,2017,3,1254809,41.909348
F,2016,12,14354,29.685238
F,2016,11,-10000,-100.0
F,2016,10,-82000,-100.0
F,2016,3,1316087,18.31925
F,2016,2,6000,100.0
F,2015,6,-140000,-100.0
F,2015,5,62651,71.05302
F,2015,3,613971,27.613525
F,2015,2,29923,3.0363176
F,2015,1,10973,100.0
F,2014,11,2500,100.0
F,2014,6,-217703,-100.0
F,2014,5,113841,9.497427
F,2014,3,583478,37.85996
F,2014,2,0,0.0
F,2013,11,2500,100.0
F,2013,6,51022,9.2595215
F,2013,4,1826,100.0
F,2013,3,549193,29.41172
F,2013,2,0,0.0
F,2012,12,131733,24.778936
F,2012,11,0,0.0
F,2012,10,-7918,-6.723845
F,2012,9,9244,1.5250753
F,2012,8,1109103,41.428387
F,2012,7,45344,50.778294
F,2011,3,6186194,41.537457
F,2011,2,164,100.0
F,2011,1,40280,2.87052
F,2010,12,39114,7.1588063
F,2010,11,30732,2.1647131
F,2010,3,788874,42.351513
F,2010,2,-44008,-100.0
F,2010,1,-21499,-1.2618539
GME,2022,10,-1347,-100.0
GME,2022,7,287839,98.91137
GME,2022,6,7000,100.0
GME,2022,3,104517,98.153694
GME,2021,10,72455,100.0
GME,2021,7,72678,100.0
GME,2021,6,-119198,-93.58111
GME,2021,4,-1034679,-90.202614
GME,2021,3,-88051,-93.72212
GME,2021,2,5802,100.0
GME,2021,1,-1038619,-100.0
GME,2020,12,1226400,100.0
GME,2020,7,-19326,-100.0
GME,2020,6,2304021,99.36072
GME,2020,5,-40515,-100.0
GME,2020,4,-76631,-56.49962
GME,2020,3,-76452,-100.0
GME,2019,9,20000,100.0
GME,2019,3,-55277,-100.0
GME,2019,2,-4894,-100.0
GME,2018,8,-27034,-59.817677
GME,2018,6,211460,100.0
GME,2018,4,-67732,-100.0
GME,2018,2,46980,100.0
GME,2017,8,-1138,-100.0
GME,2017,3,464618,89.63196
GME,2017,2,-894,-100.0
GME,2017,1,-4000,-100.0
GME,2016,10,-8644,-100.0
GME,2016,3,-39783,-100.0
GME,2016,2,347661,70.17798
GME,2016,1,-3231,-100.0
GME,2015,10,-20477,-100.0
GME,2015,9,-5000,-100.0
GME,2015,6,26604,88.08105
GME,2015,4,-22976,-100.0
GME,2015,3,-98481,-11.34677
GME,2015,2,-88121,-26.747507
GME,2015,1,-7014,-100.0
GME,2014,12,-26299,-55.99702
GME,2014,10,31500,26.58228
GME,2014,6,66320,26.924326
GME,2014,4,-16975,-72.151146
GME,2014,3,264230,89.197586
GME,2014,2,-88110,-100.0
GME,2014,1,-8100,-100.0
GME,2013,12,-25520,-13.465597
GME,2013,11,-24310,-100.0
GME,2013,10,-22580,-100.0
GME,2013,7,-60,-100.0
GME,2013,4,-8327,-100.0
GME,2013,2,95492,86.47444
GME,2012,11,100000,33.333332
GME,2012,9,-50000,-100.0
GME,2012,7,49134,100.0
GME,2012,6,6540,100.0
GME,2012,2,4800,100.0
GME,2011,4,0,0.0
GME,2011,2,-4032161,-91.01202
GME,2010,10,-36800,-24.083769
GME,2010,2,352704,61.248646
GOOG,2022,8,-570199,-33.333332
GOOG,2022,7,-3827,-62.29855
GOOG,2022,6,-117,-100.0
GOOG,2022,5,-38281,-33.70192
GOOG,2022,4,-88735,-34.729263
GOOG,2022,3,-7934,-32.48976
GOOG,2022,2,-77337,-27.716076
GOOG,2022,1,-31962,-8.0926695
GOOG,2021,12,-107074,-31.608187
GOOG,2021,11,-155410,-34.186096
GOOG,2021,10,-92086,-35.572296
GOOG,2021,9,-2497,-20.0
GOOG,2021,8,-116260,-34.575672
GOOG,2021,7,-76978,-35.31976
GOOG,2021,6,-97400,-33.959763
GOOG,2021,5,-83469,-33.353313
GOOG,2021,4,8114,49.828053
GOOG,2021,3,-27299,-46.705673
GOOG,2021,2,-1570,-33.938606
GOOG,2021,1,1069,67.190445
GOOG,2020,12,-16576,-36.789772
GOOG,2020,11,-9980,-20.800333
GOOG,2020,10,-82,-100.0
GOOG,2020,9,-9248,-33.151707
GOOG,2020,8,2778,69.24227
GOOG,2020,7,1793,80.80216
GOOG,2020,6,-92,-100.0
GOOG,2020,5,-13490,-33.482254
GOOG,2020,4,-94,-100.0
GOOG,2020,2,0,0.0
GOOG,2019,12,102158,38.18648
GOOG,2019,11,-11245,-7.837602
GOOG,2019,10,-135,-3.920999
GOOG,2019,7,315,100.0
GOOG,2019,3,-1715,-39.307816
GOOG,2019,2,-5351,-31.15575
GOOG,2019,1,-84086,-31.903688
GOOG,2018,12,-88348,-48.70503
GOOG,2018,11,-73918,-43.601208
GOOG,2018,10,-208427,-35.949635
GOOG,2018,9,-36675,-44.868423
GOOG,2018,8,-37467,-59.22232
GOOG,2018,7,-20296,-53.220055
GOOG,2018,6,-3869,-16.797638
GOOG,2018,5,-35463,-37.428364
GOOG,2018,4,-35153,-29.80457
GOOG,2018,3,80275,74.8827
GOOG,2018,2,-17964,-44.113747
GOOG,2018,1,-53,-59.55056
GOOG,2017,11,-12236,-100.0
GOOG,2017,9,-20948,-37.27137
GOOG,2017,8,-20904,-34.26099
GOOG,2017,7,-7781,-39.753742
GOOG,2017,5,-13355,-100.0
GOOG,2017,3,-7405,-33.044758
GOOG,2017,2,-146828,-32.712044
GOOG,2017,1,-50070,-32.486828
GOOG,2016,12,-232125,-22.501955
GOOG,2016,11,-530380,-43.909554
GOOG,2016,10,-109999,-35.161087
GOOG,2016,9,-17980,-34.612865
GOOG,2016,8,-89370,-100.0
GOOG,2016,7,1008,100.0
GOOG,2016,3,-455158,-54.387226
GOOG,2016,2,-80809,-6.723869
GOOG,2016,1,-38189,-33.212734
GOOG,2015,12,-27106,-44.302433
GOOG,2015,11,-4619,-97.058205
GOOG,2015,10,-5056,-97.41811
GOOG,2015,9,-5269,-97.41172
GOOG,2015,8,-5080,-88.87334
GOOG,2015,7,-5276,-77.406105
GOOG,2015,6,-148946,-23.68915
GOOG,2015,5,-492347,-42.889275
GOOG,2015,4,-166535,-31.93905
GOOG,2015,3,-195287,-34.0011
GOOG,2015,2,-164681,-21.084215
GOOG,2015,1,-177592,-34.47063
GOOG,2014,12,-22137,-41.995335
GOOG,2014,11,29792,37.50346
GOOG,2014,10,-9247,-45.85668
GOOG,2014,9,-7306,-97.83074
GOOG,2014,8,-7254,-97.73646
GOOG,2014,7,-7156,-97.73286
GOOG,2014,6,-260728,-39.83098
GOOG,2014,5,-266985,-41.60025
GOOG,2014,4,-176011,-32.29447
GOOG,2014,3,-40021,-8.983249
GOOG,2014,2,-32749,-4.2061987
GOOG,2014,1,113614,20.254505
GOOG,2013,12,-35579,-5.9325128
GOOG,2013,11,-124526,-17.160805
GOOG,2013,10,152580,14.94227
GOOG,2013,9,-6450,-39.726532
GOOG,2013,8,0,0.0
GOOG,2013,7,397,4.208629
GOOG,2013,6,0,0.0
GOOG,2013,5,-1000,-9.620935
GOOG,2013,4,-1000,-8.533879
GOOG,2013,3,-16021,-2.9666266
GOOG,2013,2,-17331,-3.1845403
GOOG,2013,1,-3499,-0.8185312
GOOG,2012,12,-28153,-3.4928198
GOOG,2012,11,45112,2.8829134
GOOG,2012,10,-41427,-5.5050077
GOOG,2012,9,-107977,-12.154193
GOOG,2012,8,-208789,-19.974094
GOOG,2012,7,71740,7.63185
GOOG,2012,6,0,0.0
GOOG,2012,5,0,0.0
GOOG,2012,4,0,0.0
GOOG,2012,3,0,0.0
GOOG,2012,2,0,0.0
GOOG,2012,1,0,0.0
GOOG,2011,9,0,0.0
GOOG,2011,8,0,0.0
GOOG,2011,7,658,100.0
GOOG,2011,6,0,0.0
GOOG,2011,5,0,0.0
GOOG,2011,4,0,0.0
GOOG,2011,3,-4193,-0.9650639
GOOG,2011,2,156204,15.6109705
GOOG,2011,1,-717,-0.17898645
GOOG,2010,12,0,0.0
GOOG,2010,11,-4066,-6.732011
GOOG,2010,10,0,0.0
GOOG,2010,9,-4780,-1.8409398
GOOG,2010,8,0,0.0
GOOG,2010,3,-20735,-5.2177043
GOOG,2010,2,-908,-0.25988448
GOOG,2010,1,-5787,-39.01436
HD,2022,9,-4939,-100.0
HD,2022,8,-12650,-100.0
HD,2022,5,8560,15.622719
HD,2022,3,21862,68.45138
HD,2022,2,54766,36.68136
HD,2021,12,-620,-100.0
HD,2021,11,395,0.33754626
HD,2021,8,-4691,-3.2451766
HD,2021,5,795,1.1866204
HD,2021,3,24034,67.3259
HD,2021,2,28970,28.627048
HD,2020,12,83,100.0
HD,2020,11,-20822,-6.700391
HD,2020,9,-24412,-29.751865
HD,2020,8,0,0.0
HD,2020,5,0,0.0
HD,2019,12,-11363,-4.3001432
HD,2019,11,873,61.78344
HD,2019,3,18205,59.159004
HD,2019,2,13768,12.754289
HD,2019,1,-54955,-100.0
HD,2018,12,-2603,-22.053715
HD,2018,11,949,0.3320655
HD,2018,9,-4980,-100.0
HD,2018,8,-20014,-25.550222
HD,2018,5,-10000,-12.33076
HD,2018,3,33503,100.0
HD,2018,2,13202,27.109943
HD,2017,9,-4628,-6.743603
HD,2017,8,-24298,-30.728956
HD,2017,3,30164,61.401295
HD,2017,2,23704,2.9512393
HD,2017,1,-16765,-100.0
HD,2016,12,-11000,-100.0
HD,2016,11,11075,9.238636
HD,2016,3,47063,29.063972
HD,2016,2,33932,22.593618
HD,2015,6,0,0.0
HD,2015,5,-49735,-39.670258
HD,2015,3,4792,2.0600297
HD,2015,2,49566,10.163174
HD,2014,11,0,0.0
HD,2014,6,350,100.0
HD,2014,5,-14916,-100.0
HD,2014,3,-26611,-1.6788946
HD,2014,2,122271,41.57025
HD,2013,12,-15000,-100.0
HD,2013,11,-47945,-21.935463
HD,2013,5,0,0.0
HD,2013,3,-1894,-1.8627431
HD,2013,2,61143,38.811836
HD,2012,12,5000,6.562541
HD,2012,11,-114374,-22.414232
HD,2012,9,-23700,-16.359043
HD,2012,8,0,0.0
HD,2012,5,20650,100.0
HD,2011,3,124001,43.889343
HD,2011,2,262806,27.971357
HD,2010,8,-11000,-100.0
HD,2010,3,-7739122,-94.2225
HD,2010,2,-5877,-100.0
INTC,2022,10,-11705,-7.569242
INTC,2022,9,-3179,-8.85392
INTC,2022,8,-25220,-11.362408
INTC,2022,7,211466,100.0
INTC,2022,6,6586,33.70522
INTC,2022,5,52712,58.709793
INTC,2022,3,6586,33.70177
INTC,2022,2,7577,7.8973975
INTC,2022,1,76793,41.478565
INTC,2021,12,5169,24.662436
INTC,2021,11,24175,25.675747
INTC,2021,10,104771,87.20089
INTC,2021,8,11518,19.604439
INTC,2021,7,19841,34.415707
INTC,2021,6,6586,33.70177
INTC,2021,5,24399,31.789814
INTC,2021,4,21091,34.375355
INTC,2021,3,156764,100.0
INTC,2021,2,-53211,-38.423656
INTC,2021,1,185968,94.41342
INTC,2020,11,1377,33.692196
INTC,2020,10,23576,43.512604
INTC,2020,9,-4400,-100.0
INTC,2020,8,1756,28.674068
INTC,2020,7,28858,26.216433
INTC,2020,6,-5000,-58.099
INTC,2020,5,7716,74.007286
INTC,2020,4,22026,34.240143
INTC,2019,12,-5207,-13.306585
INTC,2019,11,131577,52.216618
INTC,2019,10,81834,32.558308
INTC,2019,2,11518,18.159172
INTC,2019,1,10021,63.11646
INTC,2018,12,5263,100.0
INTC,2018,11,10742,49.525127
INTC,2018,10,65930,33.74968
INTC,2018,9,8551,33.703835
INTC,2018,8,4636,20.595291
INTC,2018,7,34516,32.020336
INTC,2018,5,-87530,-89.0365
INTC,2018,4,4238,34.404938
INTC,2018,2,54036,43.38568
INTC,2018,1,13639,72.8618
INTC,2017,12,-13600,-100.0
INTC,2017,11,1200,32.345013
INTC,2017,10,-85525,-85.44895
INTC,2017,8,8319,27.244146
INTC,2017,7,-28718,-8.17157
INTC,2017,2,172828,24.58694
INTC,2017,1,473,0.45669153
INTC,2016,12,-11607,-7.911904
INTC,2016,11,-26258,-19.915659
INTC,2016,10,-21894,-5.655669
INTC,2016,7,13517,1.4732345
INTC,2016,3,-7485,-9.7602005
INTC,2016,2,42588,15.394626
INTC,2016,1,15966,2.2825463
INTC,2015,10,-15265,-32.551445
INTC,2015,6,-47394,-10.520591
INTC,2015,5,1509,31.761734
INTC,2015,4,36748,15.411068
INTC,2015,2,151942,21.487745
INTC,2015,1,118773,5.945853
INTC,2014,10,-37290,-9.032205
INTC,2014,6,-10300,-0.9442767
INTC,2014,5,989,18.763042
INTC,2014,4,22226,8.638905
INTC,2014,3,-52004,-23.760874
INTC,2014,2,197116,27.268904
INTC,2014,1,51849,2.7257485
INTC,2013,12,-15719,-8.554884
INTC,2013,11,0,0.0
INTC,2013,10,21494,1.1677003
INTC,2013,5,-10960,-3.3503091
INTC,2013,4,-15923,-8.456681
INTC,2013,3,1019,32.380043
INTC,2013,2,233746,31.761385
INTC,2013,1,68238,31.435364
INTC,2012,12,-148867,-97.27771
INTC,2012,11,-13866,-76.8881
INTC,2012,10,48185,27.872095
INTC,2012,9,1133,37.355755
INTC,2012,8,-94262,-50.609383
INTC,2012,7,-1116,-0.3360474
INTC,2011,3,1133,37.355755
INTC,2011,2,1134,37.3764
INTC,2011,1,16903,46.280426
INTC,2010,12,1133,37.355755
INTC,2010,11,1134,37.3764
INTC,2010,10,1133,37.355755
INTC,2010,3,0,0.0
INTC,2010,2,-1288,-100.0
INTC,2010,1,11169,100.0
JNJ,2022,11,-3932,-16.551607
JNJ,2022,10,-163584,-33.333332
JNJ,2022,9,900,100.0
JNJ,2022,6,-39180,-32.428406
JNJ,2022,5,0,0.0
JNJ,2022,4,0,0.0
JNJ,2022,3,-3770,-5.003982
JNJ,2022,2,146032,40.138973
JNJ,2022,1,111053,21.286959
JNJ,2021,12,-12640,-55.830387
JNJ,2021,6,-912,-100.0
JNJ,2021,2,135123,41.49982
JNJ,2020,11,-20950,-100.0
JNJ,2020,9,2750,7.861635
JNJ,2020,7,-29000,-100.0
JNJ,2019,12,5000,55.34647
JNJ,2019,2,66571,40.410965
JNJ,2018,12,-9926,-2.8294358
JNJ,2018,11,0,0.0
JNJ,2018,9,-7899,-100.0
JNJ,2018,8,-142,-0.24422964
JNJ,2018,2,24589,32.299973
JNJ,2017,7,0,0.0
JNJ,2017,2,148429,36.424026
JNJ,2016,10,875,100.0
JNJ,2016,2,25546,36.995308
JNJ,2016,1,9474,47.761646
JNJ,2015,11,-650,-100.0
JNJ,2015,6,2500,100.0
JNJ,2015,4,41433,9.96146
JNJ,2015,3,0,0.0
JNJ,2015,2,73127,36.177307
JNJ,2015,1,43833,46.03968
JNJ,2014,12,9521,28.121216
JNJ,2014,11,0,0.0
JNJ,2014,5,-1000,-2.2222223
JNJ,2014,4,511,20.36668
JNJ,2014,3,7350,8.919686
JNJ,2014,1,35657,45.09149
JNJ,2013,12,8844,25.50173
JNJ,2013,11,-4000,-100.0
JNJ,2013,10,3043,25.030846
JNJ,2013,5,-7429,-100.0
JNJ,2013,2,29733,34.8288
JNJ,2012,12,-126472,-87.385994
JNJ,2012,11,-15200,-54.676258
JNJ,2012,10,1719,3.326174
JNJ,2012,9,3008,0.43627208
JNJ,2012,8,17,100.0
JNJ,2012,7,8078,73.75822
JNJ,2012,6,36,100.0
JNJ,2011,2,59937,54.22053
JNJ,2011,1,16136,100.0
JNJ,2010,12,895,8.593375
JNJ,2010,11,-4691,-17.829044
JNJ,2010,10,-35735,-100.0
JNJ,2010,9,-1600,-100.0
JNJ,2010,3,-317,-100.0
JNJ,2010,2,71140,58.64895
JNJ,2010,1,226,100.0
KO,2022,10,33200,100.0
KO,2022,7,-31610,-84.48709
KO,2022,5,-143924,-33.333332
KO,2022,4,3845,0.70946324
KO,2022,3,-91915,-26.108137
KO,2022,2,298960,25.965544
KO,2022,1,5584,1.1726559
KO,2021,12,1910,3.0740013
KO,2021,11,-35206,-38.631027
KO,2021,8,-12861,-28.686459
KO,2021,7,2001,1.9034121
KO,2021,6,0,0.0
KO,2021,5,-212620,-100.0
KO,2021,4,-117810,-66.25612
KO,2021,3,-20501,-14.591355
KO,2021,2,-101886,-14.3816185
KO,2021,1,0,0.0
KO,2020,8,-100000,-57.120663
KO,2020,7,-900000,-100.0
KO,2019,12,3430,1.8640494
KO,2019,10,5184,4.881356
KO,2019,2,203909,51.580093
KO,2018,11,311128,10.756935
KO,2018,10,0,0.0
KO,2018,8,73512,5.056249
KO,2018,7,551653,18.025831
KO,2018,2,452410,12.549696
KO,2017,12,-31967,-100.0
KO,2017,8,31626,1.6762192
KO,2017,7,-7700,-1.9625235
KO,2017,3,0,0.0
KO,2017,2,644937,56.720844
KO,2016,11,-121313,-33.800114
KO,2016,3,25100,0.78895485
KO,2016,2,23369,18.450619
KO,2015,7,-59,-100.0
KO,2015,6,59,100.0
KO,2015,5,-1076,-51.830444
KO,2015,3,62234,9.560253
KO,2015,2,22183,3.7153533
KO,2014,12,0,0.0
KO,2014,11,-9140,-100.0
KO,2014,10,0,0.0
KO,2014,6,2181,10.396111
KO,2014,5,-4698,-0.89544046
KO,2014,4,-22024,-50.39356
KO,2014,3,4368,2.1728532
KO,2014,2,-480499,-70.48861
KO,2013,11,-193,-0.1047814
KO,2013,10,-1028,-15.509957
KO,2013,4,0,0.0
KO,2013,3,-1660,-0.10383696
KO,2013,2,479400,53.506138
KO,2012,11,-142600,-34.729664
KO,2012,10,-187900,-100.0
KO,2012,9,0,0.0
KO,2012,8,-27548,-37.45581
KO,2012,7,2226,0.8720042
KO,2012,5,0,0.0
KO,2012,2,-14460,-7.927023
KO,2011,12,-434189,-100.0
KO,2011,4,-420088,-100.0
KO,2011,3,-12948,-23.671799
KO,2011,2,766320,90.690475
KO,2011,1,-53338,-28.57403
KO,2010,12,-166239,-100.0
KO,2010,11,-3500,-33.333332
KO,2010,10,-2000,-0.3516941
KO,2010,3,154905,100.0
KO,2010,2,323182,100.0
KO,2010,1,0,0.0
LLY,2022,11,-140079,-100.0
LLY,2022,10,-410911,-99.90518
LLY,2022,9,-102417,-99.58384
LLY,2022,8,-322,-15.707317
LLY,2022,7,-285410,-99.85865
LLY,2022,6,-411389,-96.35689
LLY,2022,5,-539799,-99.92558
LLY,2022,4,-580198,-99.93868
LLY,2022,3,-1306158,-98.74296
LLY,2022,2,204501,66.54096
LLY,2022,1,216,100.0
LLY,2021,12,-389714,-99.95589
LLY,2021,11,-186845,-91.97165
LLY,2021,10,-199906,-99.906044
LLY,2021,8,-513407,-99.967674
LLY,2021,7,-637006,-99.96987
LLY,2021,6,-702806,-99.97382
LLY,2021,5,-199895,-99.89506
LLY,2021,4,-2891,-92.9881
LLY,2021,3,-180689,-91.82145
LLY,2021,2,409082,74.116844
LLY,2021,1,-644935,-99.97985
LLY,2020,12,12,100.0
LLY,2020,11,9974,100.0
LLY,2020,10,14,100.0
LLY,2020,9,-1478,-10.563179
LLY,2020,8,-7191,-99.63974
LLY,2020,7,-437595,-98.879234
LLY,2020,6,-198555,-99.9859
LLY,2020,5,12,100.0
LLY,2020,4,12,100.0
LLY,2019,12,-898907,-99.93374
LLY,2019,11,-961206,-96.236664
LLY,2019,10,-176457,-86.50404
LLY,2019,3,242,100.0
LLY,2019,2,247,100.0
LLY,2019,1,259,100.0
LLY,2018,12,366,100.0
LLY,2018,11,16845,100.0
LLY,2018,10,-6765,-93.5038
LLY,2018,9,-468735,-99.86705
LLY,2018,8,-1149755,-99.9574
LLY,2018,7,-925897,-98.96217
LLY,2018,6,190,100.0
LLY,2018,5,200,100.0
LLY,2018,4,204,100.0
LLY,2018,3,139,100.0
LLY,2018,2,5457,38.931297
LLY,2018,1,4407,100.0
LLY,2017,9,-189751,-99.738235
LLY,2017,8,-179734,-99.70488
LLY,2017,7,-219753,-99.7757
LLY,2017,3,245,100.0
LLY,2017,2,55292,28.479597
LLY,2017,1,252867,100.0
LLY,2016,12,-218877,-94.24401
LLY,2016,11,25619,100.0
LLY,2016,10,14275,30.75647
LLY,2016,9,208,100.0
LLY,2016,8,2560,100.0
LLY,2016,3,235,100.0
LLY,2016,2,28150,25.302462
LLY,2016,1,121012,100.0
LLY,2015,12,115,100.0
LLY,2015,11,3570,100.0
LLY,2015,6,-629880,-99.961914
LLY,2015,5,-796322,-86.28868
LLY,2015,4,8671,6.036157
LLY,2015,3,-389769,-99.928215
LLY,2015,2,-58846,-10.692313
LLY,2015,1,420989,100.0
LLY,2014,12,123,100.0
LLY,2014,11,17240,100.0
LLY,2014,10,9714,3.9502578
LLY,2014,9,-12631,-100.0
LLY,2014,8,-940,-100.0
LLY,2014,6,-871949,-99.96652
LLY,2014,5,-615281,-94.67507
LLY,2014,4,-350294,-99.91956
LLY,2014,3,-17502,-98.359
LLY,2014,2,69060,26.12663
LLY,2014,1,433401,100.0
LLY,2013,12,174,100.0
LLY,2013,11,31893,100.0
LLY,2013,10,173,100.0
LLY,2013,2,70194,36.08204
LLY,2013,1,129075,100.0
LLY,2012,11,33913,100.0
LLY,2012,10,-10000,-100.0
LLY,2012,8,-5136,-100.0
LLY,2012,7,-6031,-100.0
LLY,2011,3,-16000,-100.0
LLY,2011,2,234589,30.86133
LLY,2011,1,76479,92.50112
LLY,2010,11,16748,100.0
LLY,2010,3,-8811,-100.0
LLY,2010,2,187335,44.82546
LLY,2010,1,78541,100.0
MA,2022,10,-7064,-33.333332
MA,2022,8,-891058,-98.89019
MA,2022,7,-1273,-100.0
MA,2022,6,8501,86.436195
MA,2022,5,-531634,-99.07971
MA,2022,4,-348,-0.7907294
MA,2022,3,45290,74.52936
MA,2022,2,-935900,-75.11115
MA,2022,1,-9270,-26.899193
MA,2021,12,-182728,-100.0
MA,2021,11,-823116,-98.44519
MA,2021,10,-965,-100.0
MA,2021,8,-789742,-99.61955
MA,2021,7,-789730,-82.62502
MA,2021,3,32820,20.32601
MA,2021,2,-593390,-83.490685
MA,2021,1,-520772,-97.288185
MA,2020,12,-20194,-40.2319
MA,2020,11,-238549,-91.78809
MA,2020,10,-361200,-97.30604
MA,2020,9,-6583,-8.518705
MA,2020,8,-7839,-8.645162
MA,2020,7,-963878,-86.138214
MA,2020,6,-404269,-54.54375
MA,2020,5,-29324,-10.284143
MA,2020,4,-4985,-100.0
MA,2019,12,0,0.0
MA,2019,11,-57799,-100.0
MA,2019,10,-98046,-100.0
MA,2019,3,-8939,-6.916964
MA,2019,2,105117,95.06742
MA,2019,1,-1869,-4.833329
MA,2018,12,-4457,-80.40772
MA,2018,11,2475,100.0
MA,2018,8,-15817,-9.548849
MA,2018,6,13060,96.22752
MA,2018,5,-6013,-1.1416605
MA,2018,4,-4735,-34.185257
MA,2018,3,-12050,-19.719831
MA,2018,2,74152,90.62599
MA,2018,1,-4167,-13.8131075
MA,2017,12,6654,100.0
MA,2017,11,-13400,-100.0
MA,2017,10,-5000,-30.120481
MA,2017,9,0,0.0
MA,2017,8,-234914,-64.29166
MA,2017,7,-379678,-100.0
MA,2017,3,-2482,-100.0
MA,2017,2,-577567,-85.12297
MA,2017,1,-751795,-85.18586
MA,2016,12,-9805,-100.0
MA,2016,11,-344920,-100.0
MA,2016,10,-166762,-74.59985
MA,2016,9,-10528,-100.0
MA,2016,8,-266461,-65.4919
MA,2016,7,-336000,-100.0
MA,2016,3,2276,100.0
MA,2016,2,-384261,-63.992413
MA,2016,1,-593175,-100.0
MA,2015,12,-2000,-100.0
MA,2015,11,-35324,-100.0
MA,2015,10,-55980,-100.0
MA,2015,6,20622,70.305466
MA,2015,5,-46698,-16.310976
MA,2015,4,-3101,-100.0
MA,2015,3,26258,26.738764
MA,2015,2,-593778,-77.11102
MA,2015,1,-789304,-100.0
MA,2014,11,-23296,-41.791046
MA,2014,10,0,0.0
MA,2014,8,4,100.0
MA,2014,6,14937,44.54418
MA,2014,5,-39998,-19.783165
MA,2014,3,-23950,-82.06551
MA,2014,2,-1208884,-80.86246
MA,2014,1,-1106344,-100.0
MA,2013,11,-4900,-71.679344
MA,2013,6,2708,86.85055
MA,2013,5,-6000,-6.8596516
MA,2013,4,-546,-100.0
MA,2013,3,-102823,-99.25479
MA,2013,2,-172094,-86.47418
MA,2013,1,-118720,-100.0
MA,2012,12,-66249,-100.0
MA,2012,11,-128210,-100.0
MA,2012,10,-3600,-100.0
MA,2012,9,-7918,-63.957996
MA,2012,8,-41551,-100.0
MA,2012,7,-36540,-100.0
MA,2011,3,541,100.0
MA,2011,2,-3133,-5.9713726
MA,2011,1,-190980,-100.0
MA,2010,11,-7427,-100.0
MA,2010,3,-32137,-69.39388
MA,2010,2,-25701,-21.593306
MA,2010,1,-87328,-96.65309
META,2022,11,-342,-100.0
META,2022,10,188,6.4295487
META,2022,9,-1368,-100.0
META,2022,8,-142239,-26.770016
META,2022,7,-1368,-100.0
META,2022,6,-1026,-100.0
MRK,2022,11,-605630,-33.541203
MRK,2022,10,-1358268,-33.794083
MRK,2022,9,1342,100.0
MRK,2022,8,156356,100.0
MRK,2022,6,1268,100.0
MRK,2022,5,324630,95.80741
MRK,2022,2,242036,99.60739
MRK,2021,11,4348,0.24839923
MRK,2021,10,3588,1.0852797
MRK,2021,5,11050,16.89086
MRK,2021,2,360109,99.7413
MRK,2020,11,-280000,-100.0
MRK,2020,10,2301,0.4517141
MRK,2020,8,-10380,-21.565695
MRK,2020,7,-18174,-33.410545
MRK,2020,5,0,0.0
MRK,2019,10,12944,45.86168
MRK,2019,3,0,0.0
MRK,2019,2,184767,16.106823
MRK,2018,11,0,0.0
MRK,2018,10,0,0.0
MRK,2018,9,-7360,-0.9595052
MRK,2018,8,-5000,-7.8844457
MRK,2018,7,-18747,-3.947327
MRK,2018,4,-24000,-100.0
MRK,2018,2,159273,94.092384
MRK,2018,1,-13000,-11.111111
MRK,2017,11,0,0.0
MRK,2017,2,225700,40.121735
MRK,2016,11,0,0.0
MRK,2016,10,0,0.0
MRK,2016,8,-20600,-2.5602784
MRK,2016,7,-45000,-20.0
MRK,2016,2,200554,100.0
MRK,2015,10,0,0.0
MRK,2015,5,35519,11.428433
MRK,2015,4,45000,8.181045
MRK,2015,2,161500,35.60751
MRK,2015,1,4034,2.371351
MRK,2014,12,3028,13.327465
MRK,2014,11,2875,5.437352
MRK,2014,10,2980,13.087396
MRK,2014,6,2891,1.7265784
MRK,2014,5,50100,26.4313
MRK,2014,4,7829,2.4590652
MRK,2014,3,-14175,-100.0
MRK,2014,2,111003,23.230015
MRK,2014,1,30000,100.0
MRK,2013,11,22594,35.262352
MRK,2013,5,49556,23.099585
MRK,2013,2,72291,100.0
MRK,2012,11,13400,1.227376
MRK,2012,8,-30500,-19.65865
MRK,2012,7,6161,46.670708
MRK,2011,10,-100,-100.0
MRK,2011,2,278976,68.46104
MRK,2010,12,-14783,-100.0
MRK,2010,3,59284,46.93309
MRK,2010,2,2355,46.679882
MRK,2010,1,99129,100.0
MSFT,2022,10,-177,-100.0
MSFT,2022,9,3653,1.3123623
MSFT,2022,7,-177,-100.0
MSFT,2022,6,437,100.0
MSFT,2022,5,837,48.020653
MSFT,2022,4,-2697,-100.0
MSFT,2022,3,-18943,-100.0
MSFT,2022,2,-94557,-100.0
MSFT,2022,1,3990,88.666664
MSFT,2021,12,-1667,-15.677608
MSFT,2021,11,-958459,-99.845825
MSFT,2021,10,-178,-100.0
MSFT,2021,9,-75573,-100.0
MSFT,2021,8,248150,33.145885
MSFT,2021,7,-178,-100.0
MSFT,2021,6,122,11.19266
MSFT,2021,5,-13000,-100.0
MSFT,2021,4,-178,-100.0
MSFT,2021,3,-317847,-97.36558
MSFT,2021,2,545850,43.523502
MSFT,2021,1,-17329,-86.9886
MSFT,2020,12,-2625,-58.685448
MSFT,2020,11,-309500,-100.0
MSFT,2020,9,-54832,-16.402426
MSFT,2020,8,273565,23.969028
MSFT,2020,6,-3907,-59.585175
MSFT,2020,5,-38000,-41.12554
MSFT,2019,12,-48682,-92.37221
MSFT,2019,11,-21613,-100.0
MSFT,2019,10,-34419,-100.0
MSFT,2019,8,-3372,-100.0
MSFT,2019,2,-58928,-100.0
MSFT,2019,1,-2247,-31.976662
MSFT,2018,12,-35600,-100.0
MSFT,2018,11,-37220,-88.85175
MSFT,2018,10,-223418,-100.0
MSFT,2018,9,98876,18.404438
MSFT,2018,8,112105,4.4881983
MSFT,2018,7,-4493,-100.0
MSFT,2018,6,5400,100.0
MSFT,2018,5,1500,58.139534
MSFT,2018,2,-18135,-100.0
MSFT,2018,1,-5983,-58.708664
MSFT,2017,9,404170,99.40138
MSFT,2017,8,-7390046,-99.908745
MSFT,2017,7,-31256,-100.0
MSFT,2017,2,-15650068,-100.0
MSFT,2017,1,-9133,-59.62656
MSFT,2016,12,38781,42.270424
MSFT,2016,11,-38734,-82.54624
MSFT,2016,10,-8005000,-100.0
MSFT,2016,2,-18430,-100.0
MSFT,2016,1,4538,100.0
MSFT,2015,12,-273,-100.0
MSFT,2015,6,-8552,-47.113266
MSFT,2015,5,-8015503,-100.0
MSFT,2015,4,-4500,-100.0
MSFT,2015,2,-4006403,-65.993355
MSFT,2015,1,-2972027,-98.13428
MSFT,2014,12,2553,84.56442
MSFT,2014,11,-31012065,-100.0
MSFT,2014,10,-22000,-100.0
MSFT,2014,6,117717,97.92694
MSFT,2014,5,-9257264,-61.02047
MSFT,2014,4,-7856000,-100.0
MSFT,2014,3,23650,54.35282
MSFT,2014,2,-20024811,-99.72113
MSFT,2014,1,-11143,-14.461474
MSFT,2013,12,-11601,-100.0
MSFT,2013,11,-197279,-97.02548
MSFT,2013,10,-20000,-100.0
MSFT,2013,5,-4015,-48.402653
MSFT,2013,4,-10000,-100.0
MSFT,2013,2,0,0.0
MSFT,2013,1,-6672,-44.8749
MSFT,2012,11,-493496,-97.272026
MSFT,2012,10,-72225,-100.0
MSFT,2012,9,1995502,65.7494
MSFT,2012,8,-279115,-65.287155
MSFT,2012,7,-20003560,-100.0
MSFT,2011,2,-20032733,-94.01402
MSFT,2011,1,0,0.0
MSFT,2010,12,-8632,-0.8271384
MSFT,2010,11,-60521,-12.948688
MSFT,2010,9,-912,-100.0
MSFT,2010,3,0,0.0
MSFT,2010,2,-19994821,-99.94823
MSFT,2010,1,-33880,-100.0
NFLX,2022,11,57558,100.0
NFLX,2022,10,69836,100.0
NFLX,2022,9,72560,100.0
NFLX,2022,8,73760,100.0
NFLX,2022,7,92068,100.0
NFLX,2022,6,85883,100.0
NFLX,2022,1,51440,100.0
NFLX,2021,12,406440,20.491507
NFLX,2021,11,-746743,-74.674225
NFLX,2021,10,-7280,-3.2509289
NFLX,2021,8,-333768,-59.687977
NFLX,2021,2,-343148,-60.656433
NFLX,2021,1,0,0.0
NFLX,2020,12,-83000,-8.667303
NFLX,2020,11,-83000,-15.038139
NFLX,2020,10,-83000,-18.751383
NFLX,2020,9,-16000,-16.75042
NFLX,2020,8,-16000,-3.9757874
NFLX,2020,7,-16000,-9.963509
NFLX,2020,6,-16000,-12.258657
NFLX,2020,5,-16000,-11.754507
NFLX,2020,4,-1350487,-58.46707
NFLX,2019,12,0,0.0
NFLX,2019,11,0,0.0
NFLX,2019,10,-243555,-75.24631
NFLX,2019,9,0,0.0
NFLX,2019,8,6499,5.853004
NFLX,2019,7,0,0.0
NFLX,2019,6,0,0.0
NFLX,2019,5,0,0.0
NFLX,2019,4,0,0.0
NFLX,2019,3,0,0.0
NFLX,2019,2,0,0.0
NFLX,2019,1,0,0.0
NFLX,2018,12,0,0.0
NFLX,2018,11,-3350,-2.0338776
NFLX,2018,10,-6600,-2.1733832
NFLX,2018,9,0,0.0
NFLX,2018,8,0,0.0
NFLX,2018,7,0,0.0
NFLX,2018,6,0,0.0
NFLX,2018,5,0,0.0
NFLX,2018,4,0,0.0
NFLX,2018,3,0,0.0
NFLX,2018,2,-2157,-0.4315079
NFLX,2018,1,-951048,-52.892418
NFLX,2017,12,-303580,-60.947357
NFLX,2017,11,-481755,-50.213936
NFLX,2017,10,0,0.0
NFLX,2017,9,0,0.0
NFLX,2017,8,0,0.0
NFLX,2017,7,0,0.0
NFLX,2017,6,0,0.0
NFLX,2017,5,0,0.0
NFLX,2017,4,0,0.0
NFLX,2017,3,0,0.0
NFLX,2017,2,-10000,-4.5189977
NFLX,2017,1,0,0.0
NFLX,2016,12,-20300,-9.8498745
NFLX,2016,11,-280000,-63.158653
NFLX,2016,10,-7850,-1.7308439
NFLX,2016,9,0,0.0
NFLX,2016,8,300000,58.791252
NFLX,2016,7,600000,71.55959
NFLX,2016,3,0,0.0
NFLX,2016,2,0,0.0
NFLX,2016,1,0,0.0
NFLX,2015,12,-348000,-65.181725
NFLX,2015,11,-17154,-3.671881
NFLX,2015,10,0,0.0
NFLX,2015,9,0,0.0
NFLX,2015,8,7154,1.668408
NFLX,2015,7,-2068115,-71.74834
NFLX,2015,6,-2000,-4.102396
NFLX,2015,5,-17628,-13.118805
NFLX,2015,4,-203812,-65.179794
NFLX,2015,3,0,0.0
NFLX,2015,2,0,0.0
NFLX,2015,1,-299716,-77.9613
NFLX,2014,12,0,0.0
NFLX,2014,11,0,0.0
NFLX,2014,10,0,0.0
NFLX,2014,9,0,0.0
NFLX,2014,8,0,0.0
NFLX,2014,7,-11555,-15.035588
NFLX,2014,6,-10000,-7.3120794
NFLX,2014,5,-10000,-10.88542
NFLX,2014,4,-10000,-19.811396
NFLX,2014,3,-10000,-19.811396
NFLX,2014,2,-12000,-17.488123
NFLX,2014,1,-11000,-10.01165
NFLX,2013,12,-10000,-18.2156
NFLX,2013,11,-12100,-12.853197
NFLX,2013,10,-377000,-72.87728
NFLX,2013,9,0,0.0
NFLX,2013,8,0,0.0
NFLX,2013,7,-20000,-39.62279
NFLX,2013,6,0,0.0
NFLX,2013,5,-9000,-3.0306091
NFLX,2013,4,1869432,64.573166
NFLX,2013,3,0,0.0
NFLX,2013,2,-399,-14.204343
NFLX,2013,1,-343400,-75.54858
NFLX,2012,5,328400,91.62946
NFLX,2012,4,-9000,-42.857143
NFLX,2012,3,-15000,-100.0
NFLX,2012,2,-15000,-8.928572
NFLX,2012,1,-15000,-100.0
NFLX,2011,9,-15000,-23.076923
NFLX,2011,8,-15000,-27.272728
NFLX,2011,7,-15000,-27.272728
NFLX,2011,6,-15000,-23.076923
NFLX,2011,5,-14913,-27.071722
NFLX,2011,4,-15000,-27.272728
NFLX,2011,3,-15834,-19.807356
NFLX,2011,2,-1109120,-67.32295
NFLX,2011,1,-834,-1.1225973
NFLX,2010,12,-11141,-44.314068
NFLX,2010,11,-393,-0.075021334
NFLX,2010,10,-2591059,-64.43909
NFLX,2010,9,-38500,-34.646606
NFLX,2010,8,-35168,-15.649419
NFLX,2010,7,-41521,-33.801704
NFLX,2010,6,-48,-100.0
NFLX,2010,5,-163,-100.0
NFLX,2010,3,-40455,-13.535215
NFLX,2010,2,-31912,-8.23289
NFLX,2010,1,-29776,-26.139935
NVDA,2022,10,-172500,-27.315914
NVDA,2022,9,-59155,-2.4055011
NVDA,2022,6,-281772,-74.31598
NVDA,2022,5,-280200,-100.0
NVDA,2022,3,112403,8.735263
NVDA,2022,1,0,0.0
NVDA,2021,12,-87664,-5.6871495
NVDA,2021,11,-1287392,-95.86799
NVDA,2021,10,0,0.0
NVDA,2021,8,-10000,-1.1764706
NVDA,2021,7,1401,0.66057175
NVDA,2021,6,0,0.0
NVDA,2021,3,129951,38.778725
NVDA,2021,2,0,0.0
NVDA,2021,1,-356,-0.17768373
NVDA,2020,12,-18662,-8.45521
NVDA,2020,11,-133950,-100.0
NVDA,2020,10,-52655,-100.0
NVDA,2020,9,-16473,-7.02872
NVDA,2020,8,1253,0.6225994
NVDA,2020,7,-44959,-18.353683
NVDA,2020,6,-138325,-89.20338
NVDA,2020,5,-50707,-89.58359
NVDA,2020,4,-109969,-99.94365
NVDA,2020,3,-26794,-100.0
NVDA,2019,12,-45112,-16.803743
NVDA,2019,11,-12822,-24.273977
NVDA,2019,9,-236268,-100.0
NVDA,2019,8,-19861,-66.511505
NVDA,2019,7,12500,71.42857
NVDA,2019,6,-2236,-100.0
NVDA,2019,4,4,100.0
NVDA,2019,3,8486,1.9211526
NVDA,2019,2,-55287,-100.0
NVDA,2019,1,-6345,-100.0
NVDA,2018,12,-83266,-100.0
NVDA,2018,10,-241551,-100.0
NVDA,2018,9,-129806,-88.17983
NVDA,2018,8,-1600,-100.0
NVDA,2018,6,-134101,-62.33284
NVDA,2018,5,-134077,-87.43943
NVDA,2018,3,-196060,-39.06278
NVDA,2018,2,-37666,-48.497414
NVDA,2017,12,-28649,-100.0
NVDA,2017,11,116861,75.38301
NVDA,2017,10,-65844,-100.0
NVDA,2017,9,-649083,-88.66249
NVDA,2017,8,-18281,-100.0
NVDA,2017,7,-100000,-100.0
NVDA,2017,3,-6095,-0.8035861
NVDA,2017,2,-1300,-0.71416014
NVDA,2017,1,0,0.0
NVDA,2016,12,-286383,-77.46048
NVDA,2016,11,0,0.0
NVDA,2016,10,-50448,-23.806334
NVDA,2016,9,-282484,-36.422386
NVDA,2016,8,-67242,-42.08201
NVDA,2016,7,0,0.0
NVDA,2016,3,679171,8.770444
NVDA,2016,2,0,0.0
NVDA,2016,1,0,0.0
NVDA,2015,12,-345216,-69.48121
NVDA,2015,11,-240000,-75.0
NVDA,2015,10,-27077,-21.307554
NVDA,2015,9,-50267,-22.694828
NVDA,2015,8,-96104,-18.274752
NVDA,2015,7,2597,100.0
NVDA,2015,6,121,0.9814259
NVDA,2015,5,152652,59.968414
NVDA,2015,4,2027,2.0261693
NVDA,2015,3,966713,50.98872
NVDA,2015,2,0,0.0
NVDA,2015,1,0,0.0
NVDA,2014,12,-14962,-4.0103784
NVDA,2014,11,-200000,-54.892574
NVDA,2014,9,15343,5.905583
NVDA,2014,8,0,0.0
NVDA,2014,7,0,0.0
NVDA,2014,6,111,0.10246564
NVDA,2014,5,85456,39.365044
NVDA,2014,4,18282,31.840189
NVDA,2014,3,1147542,53.178547
NVDA,2014,2,0,0.0
NVDA,2013,12,141,100.0
NVDA,2013,10,220000,100.0
NVDA,2013,9,119,100.0
NVDA,2013,6,128,100.0
NVDA,2013,5,60574,100.0
NVDA,2013,3,370483,90.18201
NVDA,2012,12,-6240,-0.53140754
NVDA,2012,9,28881,43.680332
NVDA,2012,8,0,0.0
NVDA,2012,6,-79343,-10.780578
NVDA,2012,5,40702,11.023302
NVDA,2012,4,0,0.0
NVDA,2012,3,0,0.0
NVDA,2011,3,21880,3.0097196
NVDA,2011,2,-28379,-4.364677
NVDA,2011,1,0,0.0
NVDA,2010,12,0,0.0
NVDA,2010,10,-500,-100.0
NVDA,2010,9,34527,54.39636
NVDA,2010,8,-1000,-100.0
NVDA,2010,7,15000,100.0
NVDA,2010,3,30932,4.045662
NVDA,2010,2,0,0.0
NVDA,2010,1,0,0.0
PEP,2022,10,-21659,-40.394264
PEP,2022,7,-6256,-99.4911
PEP,2022,6,720,100.0
PEP,2022,5,-21456,-61.474987
PEP,2022,3,66130,22.86732
PEP,2021,12,748,100.0
PEP,2021,10,-20912,-39.000374
PEP,2021,9,6524,100.0
PEP,2021,8,-2000,-100.0
PEP,2021,7,-17705,-100.0
PEP,2021,6,812,100.0
PEP,2021,5,-19953,-99.531105
PEP,2021,4,0,0.0
PEP,2021,3,72285,23.64581
PEP,2021,2,-15385,-100.0
PEP,2020,12,923,100.0
PEP,2020,10,10792,100.0
PEP,2020,9,4911,100.0
PEP,2020,8,0,0.0
PEP,2020,7,-18961,-34.13137
PEP,2020,6,563,100.0
PEP,2020,5,799,100.0
PEP,2019,12,527,100.0
PEP,2019,10,15507,87.68448
PEP,2019,9,5099,100.0
PEP,2019,3,34126,38.70741
PEP,2018,12,1050,100.0
PEP,2018,10,-34063,-10.864455
PEP,2018,9,4967,100.0
PEP,2018,7,-25619,-73.47636
PEP,2018,6,1246,100.0
PEP,2018,5,890,100.0
PEP,2018,3,54645,35.08665
PEP,2017,10,3298,100.0
PEP,2017,9,-15867,-90.76712
PEP,2017,8,-7504,-9.942496
PEP,2017,7,13072,1.2502822
PEP,2017,3,110000,26.71524
PEP,2017,2,-90717,-8.17296
PEP,2016,12,2018,100.0
PEP,2016,11,-1399,-100.0
PEP,2016,10,21336,100.0
PEP,2016,9,3866,100.0
PEP,2016,7,10721,100.0
PEP,2016,3,120632,31.513062
PEP,2016,2,0,0.0
PEP,2015,10,3516,36.4579
PEP,2015,9,583,100.0
PEP,2015,7,9561,100.0
PEP,2015,6,1953,100.0
PEP,2015,5,-7665,-1.835449
PEP,2015,4,-92237,-44.244522
PEP,2015,3,300696,90.83319
PEP,2015,2,1060,17.70207
PEP,2014,12,2423,100.0
PEP,2014,10,14240,59.26419
PEP,2014,9,3245,100.0
PEP,2014,6,5194,100.0
PEP,2014,4,-6316,-100.0
PEP,2014,3,115444,15.412302
PEP,2014,2,4351,22.009207
PEP,2013,12,4000,100.0
PEP,2013,10,22548,100.0
PEP,2013,9,6702,100.0
PEP,2013,4,-49020,-84.657364
PEP,2013,3,137424,100.0
PEP,2013,2,-8000,-2.0954475
PEP,2012,11,-14384,-100.0
PEP,2012,10,-48092,-43.42785
PEP,2012,9,7565,100.0
PEP,2012,8,14311,4.0791254
PEP,2012,7,15626,1.8996236
PEP,2012,5,30,100.0
PEP,2012,4,0,0.0
PEP,2011,3,567361,99.9123
PEP,2011,2,-120798,-57.3051
PEP,2010,10,27609,20.79633
PEP,2010,9,2941,100.0
PEP,2010,3,-112359,-15.38669
PEP,2010,2,308566,62.747276
PFE,2022,10,292,100.0
PFE,2022,9,4202,100.0
PFE,2022,8,82,100.0
PFE,2022,7,3611,100.0
PFE,2022,6,-4218,-100.0
PFE,2022,5,-84216,-40.730103
PFE,2022,3,218357,100.0
PFE,2022,2,102215,6.598164
PFE,2022,1,-6680,-100.0
PFE,2021,12,133882,52.58482
PFE,2021,11,-120594,-23.204988
PFE,2021,8,-1661,-100.0
PFE,2021,7,-2500,-100.0
PFE,2021,6,0,0.0
PFE,2021,5,-11330,-100.0
PFE,2021,2,207144,8.177057
PFE,2021,1,-6749,-100.0
PFE,2020,12,-10607,-100.0
PFE,2020,11,-43662,-100.0
PFE,2020,8,13000,100.0
PFE,2020,5,-95353,-100.0
PFE,2019,12,-10956,-100.0
PFE,2019,11,-876,-100.0
PFE,2019,3,-696951,-76.6442
PFE,2019,2,245240,9.091617
PFE,2019,1,125968,100.0
PFE,2018,12,-7000,-100.0
PFE,2018,11,1100201,100.0
PFE,2018,9,181712,100.0
PFE,2018,8,-253294,-100.0
PFE,2018,7,-527134,-100.0
PFE,2018,6,-5223,-100.0
PFE,2018,4,5223,100.0
PFE,2018,2,215227,15.836636
PFE,2017,9,-45580,-100.0
PFE,2017,8,-418941,-100.0
PFE,2017,3,-86970,-100.0
PFE,2017,2,341280,10.581643
PFE,2016,12,2066,3.566127
PFE,2016,11,78073,57.894894
PFE,2016,3,-8450,-100.0
PFE,2016,2,275009,15.266209
PFE,2015,12,-330,-100.0
PFE,2015,6,2156,3.9810917
PFE,2015,5,-35381,-70.25755
PFE,2015,3,-171977,-100.0
PFE,2015,2,256885,10.478956
PFE,2014,12,55111,15.910055
PFE,2014,11,-340,-100.0
PFE,2014,10,17676,15.597204
PFE,2014,6,-30000,-29.254023
PFE,2014,3,-146512,-49.245747
PFE,2014,2,767789,24.977804
PFE,2014,1,-160000,-100.0
PFE,2013,12,-3897,-100.0
PFE,2013,11,-10340,-100.0
PFE,2013,10,0,0.0
PFE,2013,6,-241,-100.0
PFE,2013,5,-100000,-100.0
PFE,2013,3,-56579,-100.0
PFE,2013,2,106341,11.43598
PFE,2012,12,-4291,-2.1004353
PFE,2012,10,-9169,-100.0
PFE,2012,9,-15242,-100.0
PFE,2011,3,-30350,-100.0
PFE,2011,2,599349,78.05985
PFE,2011,1,-59323,-100.0
PFE,2010,11,-67121,-100.0
PFE,2010,3,116,9.555189
PFE,2010,2,714341,93.690575
PFE,2010,1,-52507,-100.0
PG,2022,10,697358,100.0
PG,2022,9,149811,100.0
PG,2022,8,-202256,-14.205505
PG,2022,7,-1599,-100.0
PG,2022,6,1788,100.0
PG,2022,4,-10604,-4.763616
PG,2022,3,-25823,-73.50488
PG,2022,2,0,0.0
PG,2022,1,-821,-0.07284459
PG,2021,12,-934,-16.950998
PG,2021,11,-6800,-2.3061323
PG,2021,10,45826,52.229313
PG,2021,8,-186455,-13.228008
PG,2021,6,929,100.0
PG,2021,5,-3111597,-86.728294
PG,2021,4,-16989,-100.0
PG,2021,3,2064,100.0
PG,2021,2,-1016685,-100.0
PG,2021,1,0,0.0
PG,2020,12,-2341,-34.54331
PG,2020,11,-330346,-63.485836
PG,2020,10,71375,25.108614
PG,2020,9,1796,100.0
PG,2020,8,-624085,-30.22278
PG,2020,7,-11324,-2.8545213
PG,2020,6,2063,100.0
PG,2020,5,-8574796,-100.0
PG,2020,4,-11634164,-99.561844
PG,2019,12,1662,100.0
PG,2019,11,-246966,-82.161514
PG,2019,10,-4245610,-93.2983
PG,2019,3,1288,100.0
PG,2019,2,-1200824,-93.256584
PG,2018,12,1932,100.0
PG,2018,11,-35363,-2.123209
PG,2018,10,23419,100.0
PG,2018,9,2559,94.4629
PG,2018,8,53363,8.954801
PG,2018,7,-4870,-98.503235
PG,2018,6,2351,100.0
PG,2018,5,0,0.0
PG,2018,3,1739,100.0
PG,2017,12,1905,100.0
PG,2017,9,1983,100.0
PG,2017,8,63108,30.573212
PG,2017,7,-1869,-7.087331
PG,2017,3,1418,100.0
PG,2017,2,41222,22.905947
PG,2017,1,0,0.0
PG,2016,12,-3750,-46.319168
PG,2016,11,-9573,-100.0
PG,2016,10,17793,100.0
PG,2016,9,776,100.0
PG,2016,3,1552,100.0
PG,2016,2,29399,21.066246
PG,2016,1,0,0.0
PG,2015,10,2362,100.0
PG,2015,6,53174,100.0
PG,2015,5,-64205,-80.05112
PG,2015,4,0,0.0
PG,2015,3,1933,100.0
PG,2015,2,124403,23.67493
PG,2015,1,-2629,-1.1207216
PG,2014,12,-7401,-78.14381
PG,2014,11,14665,15.070239
PG,2014,6,-29436,-12.638683
PG,2014,5,1842,0.48292968
PG,2014,4,-3559,-0.4615706
PG,2014,3,1917,100.0
PG,2014,2,74585,9.158557
PG,2013,12,407,8.591936
PG,2013,11,3142,1.053189
PG,2013,10,16379,80.64897
PG,2013,6,866,100.0
PG,2013,5,0,0.0
PG,2013,3,876,100.0
PG,2013,2,11129,43.30182
PG,2013,1,0,0.0
PG,2012,12,1152,100.0
PG,2012,11,-68,-0.044917103
PG,2012,10,18632,62.60753
PG,2012,9,1613,100.0
PG,2012,8,56367,5.3099823
PG,2012,7,-313,-9.984051
PG,2011,3,1367,100.0
PG,2011,2,49406,60.886818
PG,2010,12,1339,100.0
PG,2010,11,-20380,-10.099709
PG,2010,10,15480,54.649437
PG,2010,3,2364,100.0
PG,2010,2,98229,54.70326
PG,2010,1,-1137,-100.0
SAVE,2022,10,-66,-100.0
SAVE,2022,5,-1300,-100.0
SAVE,2022,3,6393,65.308
SAVE,2022,2,-13449,-100.0
SAVE,2022,1,121774,63.312504
SAVE,2021,12,-5299,-100.0
SAVE,2021,10,-66,-100.0
SAVE,2021,8,2000,25.0
SAVE,2021,3,7522,42.81161
SAVE,2021,2,-17948,-100.0
SAVE,2021,1,173159,80.78669
SAVE,2020,12,-5000,-100.0
SAVE,2020,11,-2004,-100.0
SAVE,2020,10,-132,-100.0
SAVE,2020,9,-2120,-100.0
SAVE,2020,6,-500,-100.0
SAVE,2020,4,688,100.0
SAVE,2019,12,24409,63.696144
SAVE,2019,11,-2004,-100.0
SAVE,2019,10,463,9.782379
SAVE,2019,3,-750,-100.0
SAVE,2019,2,70968,95.633896
SAVE,2019,1,10480,27.86493
SAVE,2018,12,-2750,-100.0
SAVE,2018,10,-7623,-77.92088
SAVE,2018,9,-1316,-100.0
SAVE,2018,8,-602,-100.0
SAVE,2018,1,1348,8.30663
SAVE,2017,9,7000,100.0
SAVE,2017,3,-1518,-100.0
SAVE,2017,2,-3346,-100.0
SAVE,2017,1,27765,65.15923
SAVE,2016,12,-14461,-100.0
SAVE,2016,11,-11450,-100.0
SAVE,2016,10,-1860,-100.0
SAVE,2016,3,-180,-5.6603775
SAVE,2016,2,9225,40.987247
SAVE,2016,1,67099,91.56898
SAVE,2015,6,2342,100.0
SAVE,2015,5,-2000,-100.0
SAVE,2015,4,-10123,-100.0
SAVE,2015,3,-3476,-100.0
SAVE,2015,2,158405,87.427216
SAVE,2014,12,-5000,-100.0
SAVE,2014,11,-18000,-100.0
SAVE,2014,10,-5000,-100.0
SAVE,2014,5,1432,100.0
SAVE,2014,4,-8892,-100.0
SAVE,2014,3,62301,88.12646
SAVE,2014,2,-8453,-100.0
SAVE,2014,1,63803,100.0
SAVE,2013,11,-6000,-100.0
SAVE,2013,4,12800,100.0
SAVE,2013,3,-51000,-100.0
SAVE,2013,2,-3013,-100.0
SAVE,2012,12,-2500,-100.0
SAVE,2012,11,-2500,-100.0
SAVE,2012,10,-20000,-100.0
SAVE,2012,9,-38000,-100.0
SAVE,2012,8,-68000,-100.0
SAVE,2012,7,-18883354,-100.0
SAVE,2012,6,-5000,-100.0
SAVE,2012,5,-3635206,-100.0
SAVE,2012,4,-5000,-100.0
SAVE,2012,3,-5000,-100.0
SAVE,2012,2,-1469,-17.730839
SAVE,2012,1,-12500,-100.0
SAVE,2011,6,0,0.0
SIRI,2022,10,-160805,-100.0
SIRI,2022,9,-35083,-100.0
SIRI,2022,8,-393810,-93.15699
SIRI,2022,7,-6492262,-27.539871
SIRI,2022,6,334932,100.0
SIRI,2021,11,43658800,100.0
SIRI,2012,9,1341004030,100.0
SIRI,2012,8,159650753,100.0
SIRI,2012,7,302198700,100.0
T,2022,11,0,0.0
T,2022,9,14848,100.0
T,2022,8,12842,100.0
T,2022,7,46557,100.0
T,2022,6,9603,100.0
T,2022,5,268016,99.2593
T,2022,4,7937,100.0
T,2022,3,-53423,-83.96542
T,2022,2,511214,53.851566
T,2022,1,190712,14.351334
T,2021,12,3893,100.0
T,2021,11,83379,60.22971
T,2021,10,11271,10.129324
T,2021,9,3546,100.0
T,2021,8,3491,100.0
T,2021,7,10644,95.73664
T,2021,6,3258,100.0
T,2021,5,157628,100.0
T,2021,4,-27165,-67.09561
T,2021,3,-70734,-86.51842
T,2021,2,440932,46.352318
T,2021,1,115337,9.002692
T,2020,12,4555,13.236277
T,2020,11,-109380,-97.12307
T,2020,10,-91153,-62.560825
T,2020,9,1634,100.0
T,2020,8,-2434,-1.1523857
T,2020,7,122173,100.0
T,2020,6,41678,88.77482
T,2020,5,44058,6.1110525
T,2020,4,59736,100.0
T,2020,3,3267,100.0
T,2020,2,0,0.0
T,2019,12,0,0.0
T,2019,11,4061,43.615078
T,2019,10,-73362,-67.37382
T,2019,9,7045,100.0
T,2019,7,513,100.0
T,2019,4,565,100.0
T,2019,3,-97300,-100.0
T,2019,2,311177,96.326805
T,2019,1,338114,21.72768
T,2018,12,6834,100.0
T,2018,11,4069,36.385586
T,2018,10,-216852,-81.79637
T,2018,9,6905,100.0
T,2018,8,16280,100.0
T,2018,7,275988,100.0
T,2018,6,7675,87.44446
T,2018,5,5303,100.0
T,2018,4,14165,100.0
T,2018,3,-93578,-88.13978
T,2018,2,226409,18.554176
T,2018,1,270447,50.765385
T,2017,12,3373,100.0
T,2017,10,520,100.0
T,2017,9,0,0.0
T,2017,8,5196,100.0
T,2017,7,12162,100.0
T,2017,6,5234,100.0
T,2017,4,441,100.0
T,2017,3,-135613,-100.0
T,2017,2,209120,71.15878
T,2017,1,254037,16.870623
T,2016,12,-19915,-69.33468
T,2016,11,5631,2.840826
T,2016,10,45940,62.471104
T,2016,9,-21828,-67.70471
T,2016,7,793,100.0
T,2016,4,305,100.0
T,2016,3,-46504,-100.0
T,2016,2,277326,87.670944
T,2016,1,358955,20.814766
T,2015,12,5289,100.0
T,2015,10,1025,100.0
T,2015,8,10000,100.0
T,2015,7,988,100.0
T,2015,5,25138,12.547043
T,2015,4,17153,100.0
T,2015,3,-52425,-55.037636
T,2015,2,150305,83.36153
T,2015,1,427676,19.196684
T,2014,12,7021,3.682066
T,2014,11,-56143,-56.93612
T,2014,10,15958,100.0
T,2014,9,5169,100.0
T,2014,7,101368,100.0
T,2014,6,170019,91.448875
T,2014,5,6217,100.0
T,2014,4,16897,100.0
T,2014,3,-51326,-61.681007
T,2014,2,185306,73.0529
T,2014,1,253203,15.995106
T,2013,12,6653,23.279331
T,2013,11,14518,23.315346
T,2013,10,14909,47.67981
T,2013,9,5536,100.0
T,2013,7,9000,100.0
T,2013,5,2452,100.0
T,2013,4,9142,58.602566
T,2013,3,-21011,-82.73676
T,2013,2,116768,66.92803
T,2013,1,232200,10.772432
T,2012,12,7490,1.5584491
T,2012,11,-154821,-31.905739
T,2012,10,10684,0.564413
T,2012,9,4718,100.0
T,2012,8,-12212,-52.556377
T,2012,7,117285,18.77386
T,2012,6,-34010,-76.248764
T,2012,4,2274,17.146734
T,2012,1,0,0.0
T,2011,12,0,0.0
T,2011,4,10450,13.279622
T,2011,3,-113897,-100.0
T,2011,2,-11977,-12.396112
T,2011,1,238548,15.052816
T,2010,12,3300,100.0
T,2010,11,2219,100.0
T,2010,10,10110,100.0
T,2010,9,2155,100.0
T,2010,3,-25946,-100.0
T,2010,2,165715,53.02863
T,2010,1,358072,19.961378
UBER,2022,10,-20682,-19.71592
UBER,2022,9,-31524,-26.698963
UBER,2022,8,-160094,-65.45456
UBER,2022,7,-25382,-24.422207
UBER,2022,6,15910,22.520737
UBER,2022,5,235586,82.0177
UBER,2022,4,13888,21.476511
UBER,2022,3,230047,29.77026
UBER,2022,2,8283,25.788475
UBER,2022,1,-12122,-23.078974
UBER,2021,12,46477,54.63319
UBER,2021,11,198577,82.11531
UBER,2021,10,-17908,-30.709606
UBER,2021,8,19252,18.224848
UBER,2021,7,-8914,-20.795036
UBER,2021,6,-2525,-100.0
UBER,2021,5,-2525,-100.0
UBER,2021,4,-2525,-100.0
UBER,2021,3,190394,32.10702
UBER,2021,2,99832,61.2925
UBER,2021,1,-38264282,-99.96065
UBER,2020,12,-35796,-23.975887
UBER,2020,11,-3134,-6.7812014
UBER,2020,10,-11870,-67.45851
UBER,2020,9,-10234,-45.569508
UBER,2020,8,-11873,-67.471725
UBER,2020,7,309962,31.876568
UBER,2020,6,11209,55.295742
UBER,2020,5,-2532,-100.0
UBER,2020,4,-2533,-100.0
UBER,2019,12,-42366721,-100.0
UBER,2019,11,-65433926,-99.13641
UBER,2019,10,-41165,-100.0
UNH,2022,10,1212,100.0
UNH,2022,9,537,100.0
UNH,2022,8,-14961,-100.0
UNH,2022,7,-48331,-14.261601
UNH,2022,6,-3376,-42.369476
UNH,2022,5,-7411,-97.6545
UNH,2022,4,1412,100.0
UNH,2022,3,-9393,-88.554726
UNH,2022,2,44089,23.470198
UNH,2022,1,-7633,-73.62786
UNH,2021,12,-73595,-98.11489
UNH,2021,11,-11869,-100.0
UNH,2021,10,-123403,-71.08591
UNH,2021,9,-183400,-100.0
UNH,2021,8,-70243,-100.0
UNH,2021,7,-81522,-42.785168
UNH,2021,6,-12067,-66.613304
UNH,2021,5,-157488,-100.0
UNH,2021,4,-14554,-21.272802
UNH,2021,3,-149476,-98.82711
UNH,2021,2,66167,31.041147
UNH,2021,1,7004,9.284938
UNH,2020,12,-51235,-27.194365
UNH,2020,10,-269476,-99.00145
UNH,2020,9,1068,100.0
UNH,2020,8,-4428,-4.0122504
UNH,2020,7,-225530,-57.780796
UNH,2020,6,991,88.40321
UNH,2020,5,-83892,-100.0
UNH,2020,4,1655,100.0
UNH,2019,12,12533,5.72657
UNH,2019,11,-166874,-96.535965
UNH,2019,10,-22271,-80.316635
UNH,2019,9,221,100.0
UNH,2019,7,-11576,-93.1745
UNH,2019,6,199,100.0
UNH,2019,5,0,0.0
UNH,2019,4,2918,36.85274
UNH,2019,3,3936,40.179665
UNH,2019,2,134310,32.62422
UNH,2019,1,998,9.074377
UNH,2018,12,-70,-2.775575
UNH,2018,11,-269789,-43.45023
UNH,2018,10,1234,100.0
UNH,2018,9,-19276,-14.764771
UNH,2018,8,-12866,-18.68266
UNH,2018,7,1402,17.66633
UNH,2018,6,-9009,-28.745094
UNH,2018,4,1183,100.0
UNH,2018,3,-35285,-93.97555
UNH,2018,2,122392,41.3079
UNH,2018,1,1160,2.1969697
UNH,2017,12,145,100.0
UNH,2017,11,0,0.0
UNH,2017,10,445,100.0
UNH,2017,9,-42586,-61.044693
UNH,2017,8,-8848,-28.40267
UNH,2017,7,3328,100.0
UNH,2017,6,171,0.804668
UNH,2017,4,530,5.0332384
UNH,2017,3,12874,24.140259
UNH,2017,2,46645,12.326545
UNH,2017,1,2686,100.0
UNH,2016,12,-31424,-20.772078
UNH,2016,11,-4471,-29.049444
UNH,2016,10,4611,13.565355
UNH,2016,9,945,100.0
UNH,2016,8,5000,100.0
UNH,2016,7,622,100.0
UNH,2016,6,89,0.80259717
UNH,2016,4,337,100.0
UNH,2016,3,48288,18.168684
UNH,2016,2,137822,34.51936
UNH,2016,1,2846,0.70647347
UNH,2015,12,164,100.0
UNH,2015,11,0,0.0
UNH,2015,10,752,100.0
UNH,2015,9,152,100.0
UNH,2015,7,608,2.9503105
UNH,2015,6,2263,5.20194
UNH,2015,5,20,1.0989012
UNH,2015,4,15312,34.667633
UNH,2015,3,1753,8.058659
UNH,2015,2,112247,13.356935
UNH,2015,1,4039,5.8647575
UNH,2014,12,230594,15.64484
UNH,2014,11,-27500,-100.0
UNH,2014,10,3904,16.331995
UNH,2014,9,-15578,-97.22881
UNH,2014,8,43760,67.781906
UNH,2014,7,1374,100.0
UNH,2014,6,14894,100.0
UNH,2014,5,0,0.0
UNH,2014,4,6004,100.0
UNH,2014,3,14345,38.93337
UNH,2014,2,225129,12.965101
UNH,2014,1,5416,21.309412
UNH,2013,12,43443,3.4640088
UNH,2013,10,4532,100.0
UNH,2013,9,-29829,-98.86646
UNH,2013,7,-13284,-36.180412
UNH,2013,6,1030,4.897765
UNH,2013,5,0,0.0
UNH,2013,4,5576,5.002871
UNH,2013,3,-31470,-89.39833
UNH,2013,2,-37843,-19.881895
UNH,2013,1,8031,100.0
UNH,2012,12,-15234,-0.70976573
UNH,2012,11,48400,2.839709
UNH,2012,10,6493,100.0
UNH,2012,9,-29898,-16.081284
UNH,2012,8,-4608,-18.725618
UNH,2012,7,7113,100.0
UNH,2012,6,-4877,-6.9115543
UNH,2012,4,1905,100.0
UNH,2012,3,93,1.6503993
UNH,2012,2,24160,25.680273
UNH,2012,1,2187,100.0
UNH,2011,9,93,100.0
UNH,2011,7,2118,100.0
UNH,2011,6,-1922,-92.49278
UNH,2011,5,0,0.0
UNH,2011,4,2469,100.0
UNH,2011,3,5920,6.817135
UNH,2011,2,669603,76.05556
UNH,2011,1,3783,3.9323099
UNH,2010,12,-121708,-4.8258066
UNH,2010,11,0,0.0
UNH,2010,10,8118,9.2126465
UNH,2010,9,57,100.0
UNH,2010,8,0,0.0
UNH,2010,7,4041,100.0
UNH,2010,6,0,0.0
UNH,2010,3,0,0.0
UNH,2010,2,626826,26.40606
UNH,2010,1,16520,73.35702
V,2022,10,411,100.0
V,2022,9,-6000,-33.333332
V,2022,8,-9000,-42.857143
V,2022,7,-9607,-38.25204
V,2022,6,-9940,-2.9121208
V,2022,5,-3000,-20.0
V,2022,4,-2119,-7.353809
V,2022,3,-1114,-7.9310837
V,2022,2,-4737,-15.96616
V,2022,1,6695,9.165583
V,2021,12,-5344,-9.839808
V,2021,11,128795,29.618055
V,2021,10,-1820,-4.412763
V,2021,8,-3000,-4.7251534
V,2021,7,-5091,-4.1006517
V,2021,6,-22713,-39.77828
V,2021,5,0,0.0
V,2021,4,0,0.0
V,2021,3,-29956,-25.85936
V,2021,2,-7900,-18.682306
V,2021,1,13514,31.401617
V,2020,12,-10013,-7.046
V,2020,11,178311,32.52574
V,2020,10,-1771,-9.417708
V,2020,9,-3000,-27.272728
V,2020,8,-19442,-4.288708
V,2020,7,-3000,-27.272728
V,2020,6,-39624,-73.1313
V,2020,5,-29150,-78.46568
V,2020,4,-3000,-27.272728
V,2019,12,-16026,-65.71803
V,2019,11,293172,35.222286
V,2019,10,-25664,-76.23574
V,2019,3,-16228,-7.771137
V,2019,2,-19573,-7.377658
V,2019,1,11848,80.0
V,2018,12,-16116,-100.0
V,2018,11,231544,28.117266
V,2018,8,-28916,-54.58527
V,2018,2,-17407,-100.0
V,2017,12,-7724,-100.0
V,2017,11,3974,100.0
V,2017,8,-7385,-41.914978
V,2017,7,-29772,-100.0
V,2017,2,-47257,-14.989231
V,2016,12,-5140,-100.0
V,2016,11,72071,19.453674
V,2016,10,0,0.0
V,2016,3,-18736,-100.0
V,2016,2,-81708,-100.0
V,2015,6,-22254,-100.0
V,2015,3,-4785,-100.0
V,2015,2,9126,14.097257
V,2014,11,19205,19.016922
V,2014,6,-6188,-46.345116
V,2014,5,0,0.0
V,2014,4,16287,100.0
V,2014,3,-7825,-71.29841
V,2014,2,33106,37.97082
V,2014,1,0,0.0
V,2013,12,-71528,-91.72373
V,2013,11,51471,17.202702
V,2013,10,-8500,-30.826141
V,2013,5,-1000,-100.0
V,2013,3,-600,-100.0
V,2012,12,-195237,-19.323795
V,2012,11,327055,46.089855
V,2012,10,0,0.0
V,2012,9,-12420,-1.5838563
V,2012,8,0,0.0
V,2012,7,-7505,-0.759063
V,2011,12,-1000,-100.0
V,2011,1,7780,63.74959
V,2010,11,10150,55.555557
V,2010,2,0,0.0
V,2010,1,0,0.0
VZ,2022,11,5874,100.0
VZ,2022,10,2575,100.0
VZ,2022,9,-8965,-14.120111
VZ,2022,8,-18894,-19.194588
VZ,2022,7,31229,90.92735
VZ,2022,6,-1558,-100.0
VZ,2022,5,-1558,-100.0
VZ,2022,4,-25205,-100.0
VZ,2022,3,148930,30.7516
VZ,2022,1,21810,89.06403
VZ,2021,12,-1554,-100.0
VZ,2021,11,-1554,-100.0
VZ,2021,10,-1554,-100.0
VZ,2021,8,-15631,-100.0
VZ,2021,7,14693,28.348993
VZ,2021,6,-1555,-100.0
VZ,2021,5,-79793,-100.0
VZ,2021,4,35831,18.610315
VZ,2021,3,168417,31.385305
VZ,2021,2,50052,37.69771
VZ,2020,11,0,0.0
VZ,2020,7,16156,34.00261
VZ,2019,11,-1346,-2.3500245
VZ,2019,10,-1349,-100.0
VZ,2019,3,46701,32.559906
VZ,2019,2,-215696,-43.21024
VZ,2018,12,-420,-100.0
VZ,2018,11,-1,-0.0018657064
VZ,2018,9,1,0.0017733326
VZ,2018,3,5665,34.00156
VZ,2018,2,18098,34.00218
VZ,2017,9,-610,-100.0
VZ,2017,8,-610,-100.0
VZ,2017,7,-610,-100.0
VZ,2017,2,95320,27.589481
VZ,2016,12,31930,31.288584
VZ,2016,11,-3803,-100.0
VZ,2016,10,-672,-100.0
VZ,2016,2,93219,31.70833
VZ,2015,5,-2708,-100.0
VZ,2015,4,-36078,-100.0
VZ,2015,2,145011,25.934881
VZ,2014,6,-2966,-100.0
VZ,2014,5,-2965,-100.0
VZ,2014,4,-2822,-100.0
VZ,2014,3,-2823,-100.0
VZ,2014,2,166400,29.620663
VZ,2014,1,4975,46.841164
VZ,2013,12,-150,-100.0
VZ,2013,11,0,0.0
VZ,2013,2,17181,31.732634
VZ,2013,1,0,0.0
VZ,2012,11,0,0.0
VZ,2012,10,0,0.0
VZ,2010,10,3,100.0
VZ,2010,2,7500,100.0
VZ,2010,1,15000,100.0
WFC,2022,10,-63032,-19.669594
WFC,2022,7,-39306,-17.503407
WFC,2022,6,38007,32.71023
WFC,2022,5,-22700,-100.0
WFC,2022,4,44246,55.331017
WFC,2022,3,95808,39.836674
WFC,2022,2,363121,33.608406
WFC,2022,1,19098,40.08816
WFC,2021,12,4526,38.59799
WFC,2021,10,51173,26.863173
WFC,2021,7,55931,31.04501
WFC,2021,6,38567,31.959925
WFC,2021,5,0,0.0
WFC,2021,4,36122,33.26825
WFC,2021,3,155787,36.005547
WFC,2021,1,38287,40.99997
WFC,2020,12,5422,51.102734
WFC,2020,10,55799,30.531466
WFC,2020,8,284,100.0
WFC,2020,7,31677,35.9113
WFC,2020,6,0,0.0
WFC,2020,4,6360,100.0
WFC,2019,12,2396,30.522293
WFC,2019,10,265,73.816154
WFC,2019,3,163350,34.579624
WFC,2018,12,15967,82.41883
WFC,2018,8,-125000,-89.419846
WFC,2018,7,24741,34.94146
WFC,2018,5,-20480,-9.966228
WFC,2018,4,240,0.08365459
WFC,2018,3,34261,35.664394
WFC,2018,2,9000,100.0
WFC,2018,1,69,100.0
WFC,2017,12,5029,31.527803
WFC,2017,9,2355,100.0
WFC,2017,7,30705,29.832403
WFC,2017,6,-15312,-30.126314
WFC,2017,5,0,0.0
WFC,2017,3,199291,13.458742
WFC,2017,2,30,100.0
WFC,2017,1,7833,21.442062
WFC,2016,3,834990,29.97142
WFC,2016,2,2078,18.490835
WFC,2015,12,2660,24.962463
WFC,2015,8,1290,22.552448
WFC,2015,6,-32115,-100.0
WFC,2015,5,-68989,-27.776815
WFC,2015,4,-142932,-6.087093
WFC,2015,3,1507178,24.111946
WFC,2015,2,56657,9.568742
WFC,2015,1,-34024,-94.57416
WFC,2014,12,1571,11.294845
WFC,2014,11,-392238,-13.815517
WFC,2014,10,144092,9.956689
WFC,2014,5,85310,8.465611
WFC,2014,4,-248759,-14.11409
WFC,2014,3,1454007,24.266756
WFC,2014,2,-26408,-49.64283
WFC,2014,1,68403,6.559356
WFC,2013,12,-4938,-59.16607
WFC,2013,11,-65750,-20.419
WFC,2013,10,-206468,-15.5451355
WFC,2013,9,-244,-100.0
WFC,2013,6,846,8.922169
WFC,2013,4,-152686,-43.7433
WFC,2013,3,499391,31.931984
WFC,2013,2,46422,2.6771934
WFC,2013,1,-18020,-22.98352
WFC,2012,12,49487,8.797016
WFC,2012,11,3964,3.6004941
WFC,2012,10,91614,20.760592
WFC,2012,9,2177,18.22825
WFC,2012,8,-2009,-0.63325655
WFC,2012,7,98148,5.66041
WFC,2012,4,9072,100.0
WFC,2011,5,4745,100.0
WFC,2011,3,89113,24.907135
WFC,2011,2,100339,7.6424947
WFC,2011,1,8386,5.134265
WFC,2010,12,-7034,-1.5418338
WFC,2010,11,3770,39.809925
WFC,2010,3,107396,7.7898602
WFC,2010,2,24542,12.009435
WFC,2010,1,41511,100.0
XOM,2022,10,-2500,-100.0
XOM,2022,8,997500,99.50124
XOM,2022,6,-2147,-100.0
XOM,2022,5,-6906,-100.0
XOM,2022,3,-1230,-100.0
XOM,2022,2,-1510000,-100.0
XOM,2022,1,27500,100.0
XOM,2021,12,-110012,-97.46443
XOM,2021,11,995112,92.32174
XOM,2021,8,80000,100.0
XOM,2021,6,14395,81.76654
XOM,2021,5,6588,100.0
XOM,2021,3,218000,100.0
XOM,2021,2,8000,100.0
XOM,2021,1,22500,100.0
XOM,2020,12,-5195,-47.94647
XOM,2020,11,533003,78.96376
XOM,2019,12,-67958,-96.31782
XOM,2019,11,885016,75.97591
XOM,2019,1,20000,100.0
XOM,2018,12,-32612,-92.954056
XOM,2018,11,601312,75.89564
XOM,2018,9,-15000,-100.0
XOM,2018,2,3428,27.266943
XOM,2018,1,20000,100.0
XOM,2017,9,-22656,-100.0
XOM,2017,8,-1100,-100.0
XOM,2017,2,-3219,-100.0
XOM,2017,1,27500,100.0
XOM,2016,12,-262822,-98.9347
XOM,2016,11,1371500,90.659706
XOM,2016,10,-575,-100.0
XOM,2016,2,-2078,-100.0
XOM,2016,1,25000,100.0
XOM,2015,6,-150,-100.0
XOM,2015,5,-205,-1.2650417
XOM,2015,3,-8126,-100.0
XOM,2015,2,-7250,-79.58288
XOM,2015,1,27500,100.0
XOM,2014,12,-265,-100.0
XOM,2014,11,177806,65.323265
XOM,2014,6,-5125,-100.0
XOM,2014,5,-23463,-100.0
XOM,2014,4,454,100.0
XOM,2014,3,-365,-100.0
XOM,2014,2,-4595,-100.0
XOM,2014,1,29780,96.65066
XOM,2013,12,-61297,-100.0
XOM,2013,11,559504,66.37877
XOM,2013,5,8166,100.0
XOM,2013,3,11000,100.0
XOM,2013,1,22500,100.0
XOM,2012,12,-149718,-99.600845
XOM,2012,11,924431,79.13775
XOM,2012,9,-11626,-100.0
XOM,2012,8,-13990,-100.0
XOM,2011,3,14246,21.428356
XOM,2011,2,-29422,-3.1979322
XOM,2011,1,25000,100.0
XOM,2010,12,-78467,-76.57783
XOM,2010,11,441428,54.24601
XOM,2010,10,0,0.0
XOM,2010,3,-19298,-100.0
XOM,2010,2,38015,80.24952
XOM,2010,1,22500,100.0
